"id","age_class","age","length_class","segement","segment_length","segment_end","segment_midpoint","segment_percentile","d13C","d15N","age_n"
"7","pup",0.243835616,"long",1,2,2,1,0.985294117647059,-17.96,16.05,0
"7","pup",0.243835616,"long",2,2,4,3,0.955882352941177,-17.91,15.9,0
"7","pup",0.243835616,"long",3,2,6,5,0.926470588235294,-17.86,15.86,0
"7","pup",0.243835616,"long",4,2,8,7,0.897058823529412,-17.91,16.1,0
"7","pup",0.243835616,"long",5,2,10,9,0.867647058823529,-17.87,16.26,0
"7","pup",0.243835616,"long",6,4,14,12,0.823529411764706,-17.98,16.12,0
"7","pup",0.243835616,"long",7,4,18,16,0.764705882352941,-18.11,16.22,0
"7","pup",0.243835616,"long",8,4,22,20,0.705882352941176,-18.21,16.51,0
"7","pup",0.243835616,"long",9,4,26,24,0.647058823529412,-18.24,16.74,0
"7","pup",0.243835616,"long",10,4,30,28,0.588235294117647,-18.25,15.78,0
"7","pup",0.243835616,"long",11,4,34,32,0.529411764705882,-18.21,16.41,0
"7","pup",0.243835616,"long",12,4,38,36,0.470588235294118,-17.78,17.34,0
"7","pup",0.243835616,"long",13,6,44,41,0.397058823529412,-17.33,17.61,0
"7","pup",0.243835616,"long",14,6,50,47,0.308823529411765,-16.98,18.42,0
"7","pup",0.243835616,"long",15,18,68,59,0.132352941176471,-17.33,18.69,0
"8","pup",0.243835616,"long",1,4,4,2,0.970149253731343,-17.87,16.91,0
"8","pup",0.243835616,"long",2,2,6,5,0.925373134328358,-17.92,16.61,0
"8","pup",0.243835616,"long",3,2,8,7,0.895522388059702,-17.98,16.68,0
"8","pup",0.243835616,"long",4,2,10,9,0.865671641791045,-18,16.63,0
"8","pup",0.243835616,"long",5,2,12,11,0.835820895522388,-17.81,16.55,0
"8","pup",0.243835616,"long",6,2,14,13,0.805970149253731,-17.97,16.57,0
"8","pup",0.243835616,"long",7,2,16,15,0.776119402985075,-18.02,16.7,0
"8","pup",0.243835616,"long",8,2,18,17,0.746268656716418,-18.14,17.81,0
"8","pup",0.243835616,"long",9,2,20,19,0.716417910447761,-18.06,17.02,0
"8","pup",0.243835616,"long",10,2,22,21,0.686567164179104,-18.1,17.1,0
"8","pup",0.243835616,"long",11,2,24,23,0.656716417910448,-18.04,17.6,0
"8","pup",0.243835616,"long",12,4,28,26,0.611940298507463,-18.14,17,0
"8","pup",0.243835616,"long",13,4,32,30,0.552238805970149,-18.46,16.31,0
"8","pup",0.243835616,"long",14,6,38,35,0.477611940298508,-17.81,17.21,0
"8","pup",0.243835616,"long",15,6,44,41,0.388059701492537,-17.02,17.98,0
"8","pup",0.243835616,"long",16,23,67,55.5,0.171641791044776,-17.01,18.35,0
"9","pup",0.243835616,"long",1,2,2,1,0.984375,-18.32,18.6,0
"9","pup",0.243835616,"long",2,2,4,3,0.953125,-18.08,18.38,0
"9","pup",0.243835616,"long",3,2,6,5,0.921875,-17.91,18.3,0
"9","pup",0.243835616,"long",4,2,8,7,0.890625,-18.12,18.42,0
"9","pup",0.243835616,"long",5,2,10,9,0.859375,-18.16,18.27,0
"9","pup",0.243835616,"long",6,4,14,12,0.8125,-18.12,18,0
"9","pup",0.243835616,"long",7,2,16,15,0.765625,-18.34,18.1,0
"9","pup",0.243835616,"long",8,2,18,17,0.734375,-18.35,18.09,0
"9","pup",0.243835616,"long",9,2,20,19,0.703125,-18.38,18.1,0
"9","pup",0.243835616,"long",10,2,22,21,0.671875,-18.34,18.16,0
"9","pup",0.243835616,"long",11,4,26,24,0.625,-18.28,17.72,0
"9","pup",0.243835616,"long",12,4,30,28,0.5625,-18.26,17.99,0
"9","pup",0.243835616,"long",13,4,34,32,0.5,-18.13,17.28,0
"9","pup",0.243835616,"long",14,6,40,37,0.421875,-18.82,16.33,0
"9","pup",0.243835616,"long",15,6,46,43,0.328125,-17.98,18.45,0
"9","pup",0.243835616,"long",16,4,50,48,0.25,-17.84,19.36,0
"9","pup",0.243835616,"long",17,14,64,57,0.109375,-17.75,18.85,0
"13","pup",0.252054795,"long",1,2,2,1,0.986666666666667,-17.92,17.82,0
"13","pup",0.252054795,"long",2,2,4,3,0.96,-17.94,17.43,0
"13","pup",0.252054795,"long",3,2,6,5,0.933333333333333,-17.94,16.69,0
"13","pup",0.252054795,"long",4,2,8,7,0.906666666666667,-17.81,16.47,0
"13","pup",0.252054795,"long",5,2,10,9,0.88,-17.69,16.32,0
"13","pup",0.252054795,"long",6,2,12,11,0.853333333333333,-17.79,16.41,0
"13","pup",0.252054795,"long",7,2,14,13,0.826666666666667,-17.74,15.88,0
"13","pup",0.252054795,"long",8,2,16,15,0.8,-17.82,15.59,0
"13","pup",0.252054795,"long",9,2,18,17,0.773333333333333,-17.87,14.65,0
"13","pup",0.252054795,"long",10,2,20,19,0.746666666666667,-17.96,14.31,0
"13","pup",0.252054795,"long",11,2,22,21,0.72,-17.61,15.66,0
"13","pup",0.252054795,"long",12,2,24,23,0.693333333333333,-17.07,15.5,0
"13","pup",0.252054795,"long",13,2,26,25,0.666666666666667,-17.04,16.2,0
"13","pup",0.252054795,"long",14,2,28,27,0.64,-17.41,15.51,0
"13","pup",0.252054795,"long",15,2,30,29,0.613333333333333,-18.27,15,0
"13","pup",0.252054795,"long",16,2,32,31,0.586666666666667,-18.02,16.73,0
"13","pup",0.252054795,"long",17,2,34,33,0.56,-17.82,16.75,0
"13","pup",0.252054795,"long",18,4,38,36,0.52,-17.85,17.08,0
"13","pup",0.252054795,"long",19,4,42,40,0.466666666666667,-17.88,16.18,0
"13","pup",0.252054795,"long",20,6,48,45,0.4,-17.81,16.74,0
"13","pup",0.252054795,"long",21,27,75,61.5,0.18,-17.72,16.14,0
"20","pup",0.271232877,"long",1,2,2,1,0.985507246376812,-17.78,16.4,0
"20","pup",0.271232877,"long",2,2,4,3,0.956521739130435,-17.87,16.38,0
"20","pup",0.271232877,"long",3,2,6,5,0.927536231884058,-17.97,16.03,0
"20","pup",0.271232877,"long",4,2,8,7,0.898550724637681,-18.01,15.66,0
"20","pup",0.271232877,"long",5,1,9,8.5,0.876811594202899,-17.96,15.53,0
"20","pup",0.271232877,"long",6,2,11,10,0.855072463768116,-17.83,15.32,0
"20","pup",0.271232877,"long",7,1,12,11.5,0.833333333333333,-17.74,15.42,0
"20","pup",0.271232877,"long",8,2,14,13,0.811594202898551,-17.49,15.36,0
"20","pup",0.271232877,"long",9,2,16,15,0.782608695652174,-17.45,14.51,0
"20","pup",0.271232877,"long",10,2,18,17,0.753623188405797,-17.19,13.85,0
"20","pup",0.271232877,"long",11,2,20,19,0.72463768115942,-17.58,12.86,0
"20","pup",0.271232877,"long",12,2,22,21,0.695652173913043,-17.77,15.4,0
"20","pup",0.271232877,"long",13,2,24,23,0.666666666666667,-17.34,15.87,0
"20","pup",0.271232877,"long",14,2,26,25,0.63768115942029,-17.21,15.46,0
"20","pup",0.271232877,"long",15,2,28,27,0.608695652173913,-17.12,16.03,0
"20","pup",0.271232877,"long",16,2,30,29,0.579710144927536,-17.83,15.08,0
"20","pup",0.271232877,"long",17,2,32,31,0.550724637681159,-17.59,12.69,0
"20","pup",0.271232877,"long",18,2,34,33,0.521739130434783,-18,11.61,0
"20","pup",0.271232877,"long",19,4,38,36,0.478260869565217,-18.22,13.95,0
"20","pup",0.271232877,"long",20,4,42,40,0.420289855072464,-17.8,14.31,0
"20","pup",0.271232877,"long",21,4,46,44,0.36231884057971,-17.68,13.79,0
"20","pup",0.271232877,"long",22,6,52,49,0.289855072463768,-17.61,14.26,0
"20","pup",0.271232877,"long",23,17,69,60.5,0.123188405797101,-17.35,13.2,0
"22","pup",0.279452055,"long",1,2,2,1,0.98876404494382,-18.21,19.64,0
"22","pup",0.279452055,"long",2,2,4,3,0.966292134831461,-17.95,19.42,0
"22","pup",0.279452055,"long",3,2,6,5,0.943820224719101,-17.78,19.26,0
"22","pup",0.279452055,"long",4,2,8,7,0.921348314606742,-17.76,19.11,0
"22","pup",0.279452055,"long",5,2,10,9,0.898876404494382,-17.73,18.98,0
"22","pup",0.279452055,"long",6,2,12,11,0.876404494382023,-17.77,18.76,0
"22","pup",0.279452055,"long",7,2,14,13,0.853932584269663,-17.82,18.61,0
"22","pup",0.279452055,"long",8,2,16,15,0.831460674157303,-17.95,18.4,0
"22","pup",0.279452055,"long",9,2,18,17,0.808988764044944,-17.99,18.26,0
"22","pup",0.279452055,"long",10,2,20,19,0.786516853932584,-18.08,18.14,0
"22","pup",0.279452055,"long",11,2,22,21,0.764044943820225,-18.15,17.99,0
"22","pup",0.279452055,"long",12,2,24,23,0.741573033707865,-18.27,18.01,0
"22","pup",0.279452055,"long",13,2,26,25,0.719101123595506,-18.33,17.89,0
"22","pup",0.279452055,"long",14,2,28,27,0.696629213483146,-18.52,17.37,0
"22","pup",0.279452055,"long",15,2,30,29,0.674157303370786,-18.66,17.65,0
"22","pup",0.279452055,"long",16,2,32,31,0.651685393258427,-18.53,17.02,0
"22","pup",0.279452055,"long",17,2,34,33,0.629213483146067,-18.67,16.28,0
"22","pup",0.279452055,"long",18,2,36,35,0.606741573033708,-18.83,15.9,0
"22","pup",0.279452055,"long",19,2,38,37,0.584269662921348,-19.07,15.74,0
"22","pup",0.279452055,"long",20,2,40,39,0.561797752808989,-19.23,15.95,0
"22","pup",0.279452055,"long",21,4,44,42,0.528089887640449,-18.76,16.84,0
"22","pup",0.279452055,"long",22,4,48,46,0.48314606741573,-18.01,18.99,0
"22","pup",0.279452055,"long",23,4,52,50,0.438202247191011,-17.78,19.38,0
"22","pup",0.279452055,"long",24,4,56,54,0.393258426966292,-17.51,18.94,0
"22","pup",0.279452055,"long",25,8,64,60,0.325842696629214,-17.33,18.82,0
"22","pup",0.279452055,"long",26,25,89,76.5,0.140449438202247,-17.34,18.6,0
"24","pup",0.279452055,"long",1,2,2,1,0.984848484848485,-18.04,19.7,0
"24","pup",0.279452055,"long",2,2,4,3,0.954545454545455,-17.95,19.11,0
"24","pup",0.279452055,"long",3,2,6,5,0.924242424242424,-17.98,18.93,0
"24","pup",0.279452055,"long",4,2,8,7,0.893939393939394,-17.95,18.82,0
"24","pup",0.279452055,"long",5,2,10,9,0.863636363636364,-17.95,18.77,0
"24","pup",0.279452055,"long",6,2,12,11,0.833333333333333,-18.02,18.52,0
"24","pup",0.279452055,"long",7,2,14,13,0.803030303030303,-18.14,18.47,0
"24","pup",0.279452055,"long",8,2,16,15,0.772727272727273,-18.23,18.47,0
"24","pup",0.279452055,"long",9,2,18,17,0.742424242424242,-18.2,18.34,0
"24","pup",0.279452055,"long",10,2,20,19,0.712121212121212,-18.32,18.31,0
"24","pup",0.279452055,"long",11,2,22,21,0.681818181818182,-18.25,18.22,0
"24","pup",0.279452055,"long",12,4,26,24,0.636363636363636,-18.3,17.41,0
"24","pup",0.279452055,"long",13,4,30,28,0.575757575757576,-18.58,16.3,0
"24","pup",0.279452055,"long",14,6,36,33,0.5,-18.35,17.68,0
"24","pup",0.279452055,"long",15,6,42,39,0.409090909090909,-17.76,19.03,0
"24","pup",0.279452055,"long",16,14,56,49,0.257575757575758,-17.06,18.37,0
"24","pup",0.279452055,"long",17,10,66,61,0.0757575757575758,NA,NA,0
"26","pup",0.279452055,"long",1,2,2,1,0.988372093023256,NA,NA,0
"26","pup",0.279452055,"long",2,2,4,3,0.965116279069767,-17.7,19.31,0
"26","pup",0.279452055,"long",3,2,6,5,0.941860465116279,-17.55,19.47,0
"26","pup",0.279452055,"long",4,2,8,7,0.918604651162791,-17.64,19.25,0
"26","pup",0.279452055,"long",5,2,10,9,0.895348837209302,-17.67,19.08,0
"26","pup",0.279452055,"long",6,2,12,11,0.872093023255814,-17.71,18.95,0
"26","pup",0.279452055,"long",7,2,14,13,0.848837209302326,-17.68,18.89,0
"26","pup",0.279452055,"long",8,2,16,15,0.825581395348837,-17.65,18.64,0
"26","pup",0.279452055,"long",9,2,18,17,0.802325581395349,-17.71,18.69,0
"26","pup",0.279452055,"long",10,2,20,19,0.779069767441861,-17.61,18.49,0
"26","pup",0.279452055,"long",11,2,22,21,0.755813953488372,-17.63,18.39,0
"26","pup",0.279452055,"long",12,2,24,23,0.732558139534884,-17.76,18.35,0
"26","pup",0.279452055,"long",13,2,26,25,0.709302325581395,-17.73,18.29,0
"26","pup",0.279452055,"long",14,2,28,27,0.686046511627907,-17.76,18.22,0
"26","pup",0.279452055,"long",15,2,30,29,0.662790697674419,-17.81,18.08,0
"26","pup",0.279452055,"long",16,2,32,31,0.63953488372093,-17.8,17.99,0
"26","pup",0.279452055,"long",17,2,34,33,0.616279069767442,-17.81,17.69,0
"26","pup",0.279452055,"long",18,2,36,35,0.593023255813953,-17.82,17.57,0
"26","pup",0.279452055,"long",19,2,38,37,0.569767441860465,-17.87,17.69,0
"26","pup",0.279452055,"long",20,2,40,39,0.546511627906977,-17.82,17.38,0
"26","pup",0.279452055,"long",21,4,44,42,0.511627906976744,-18.06,16.32,0
"26","pup",0.279452055,"long",22,4,48,46,0.465116279069767,-18.17,16.04,0
"26","pup",0.279452055,"long",23,4,52,50,0.418604651162791,-18,16.65,0
"26","pup",0.279452055,"long",24,6,58,55,0.36046511627907,-17.47,17.42,0
"26","pup",0.279452055,"long",25,14,72,65,0.244186046511628,-17.03,18,0
"26","pup",0.279452055,"long",26,14,86,79,0.0813953488372093,-17.95,19.99,0
"27","pup",0.279452055,"long",1,2,2,1,0.9875,-18.26,19.64,0
"27","pup",0.279452055,"long",2,2,4,3,0.9625,-18.27,19.19,0
"27","pup",0.279452055,"long",3,2,6,5,0.9375,-18.2,18.96,0
"27","pup",0.279452055,"long",4,2,8,7,0.9125,-18.18,18.83,0
"27","pup",0.279452055,"long",5,2,10,9,0.8875,-18.15,18.61,0
"27","pup",0.279452055,"long",6,2,12,11,0.8625,-18.06,18.46,0
"27","pup",0.279452055,"long",7,2,14,13,0.8375,-18.02,18.29,0
"27","pup",0.279452055,"long",8,2,16,15,0.8125,-17.96,18.09,0
"27","pup",0.279452055,"long",9,2,18,17,0.7875,-18.12,18.06,0
"27","pup",0.279452055,"long",10,2,20,19,0.7625,-18.19,17.8,0
"27","pup",0.279452055,"long",11,2,22,21,0.7375,-18.06,18.14,0
"27","pup",0.279452055,"long",12,2,24,23,0.7125,-17.99,18.43,0
"27","pup",0.279452055,"long",13,2,26,25,0.6875,-17.73,18.41,0
"27","pup",0.279452055,"long",14,2,28,27,0.6625,-17.65,18.19,0
"27","pup",0.279452055,"long",15,2,30,29,0.6375,-17.77,17.92,0
"27","pup",0.279452055,"long",16,2,32,31,0.6125,-17.98,17.32,0
"27","pup",0.279452055,"long",17,2,34,33,0.5875,-18.03,17.27,0
"27","pup",0.279452055,"long",18,2,36,35,0.5625,-17.94,17.54,0
"27","pup",0.279452055,"long",19,2,38,37,0.5375,-17.86,17.65,0
"27","pup",0.279452055,"long",20,2,40,39,0.5125,-17.65,17.86,0
"27","pup",0.279452055,"long",21,2,42,41,0.4875,-17.67,17.81,0
"27","pup",0.279452055,"long",22,2,44,43,0.4625,-17.48,17.96,0
"27","pup",0.279452055,"long",23,2,46,45,0.4375,-17.45,17.96,0
"27","pup",0.279452055,"long",24,2,48,47,0.4125,-17.32,18.29,0
"27","pup",0.279452055,"long",25,2,50,49,0.3875,-17.35,18.42,0
"27","pup",0.279452055,"long",26,4,54,52,0.35,-16.99,18.44,0
"27","pup",0.279452055,"long",27,4,58,56,0.3,-17.1,19.32,0
"27","pup",0.279452055,"long",28,22,80,69,0.1375,-17.39,19.31,0
"31","pup",0.328767123,"long",1,4,4,2,0.978260869565217,-17.63,18.48,0
"31","pup",0.328767123,"long",2,2,6,5,0.945652173913043,-17.56,18.28,0
"31","pup",0.328767123,"long",3,2,8,7,0.923913043478261,-17.64,17.98,0
"31","pup",0.328767123,"long",4,2,10,9,0.902173913043478,-17.52,17.59,0
"31","pup",0.328767123,"long",5,2,12,11,0.880434782608696,-17.77,17.29,0
"31","pup",0.328767123,"long",6,2,14,13,0.858695652173913,-17.81,17.13,0
"31","pup",0.328767123,"long",7,2,16,15,0.83695652173913,-17.75,17.29,0
"31","pup",0.328767123,"long",8,2,18,17,0.815217391304348,-17.78,17.3,0
"31","pup",0.328767123,"long",9,2,20,19,0.793478260869565,-17.78,17.34,0
"31","pup",0.328767123,"long",10,2,22,21,0.771739130434783,-17.81,17.27,0
"31","pup",0.328767123,"long",11,4,26,24,0.739130434782609,-17.83,17.48,0
"31","pup",0.328767123,"long",12,4,30,28,0.695652173913043,-17.74,17.78,0
"31","pup",0.328767123,"long",13,4,34,32,0.652173913043478,-17.64,17.79,0
"31","pup",0.328767123,"long",14,4,38,36,0.608695652173913,-18.02,16.93,0
"31","pup",0.328767123,"long",15,4,42,40,0.565217391304348,-18.02,17.49,0
"31","pup",0.328767123,"long",16,4,46,44,0.521739130434783,-17.46,19.08,0
"31","pup",0.328767123,"long",17,4,50,48,0.478260869565217,-16.45,19.1,0
"31","pup",0.328767123,"long",18,6,54,51,0.445652173913043,-16.51,18.84,0
"31","pup",0.328767123,"long",19,12,60,54,0.41304347826087,-16.82,18.78,0
"31","pup",0.328767123,"long",20,32,92,76,0.173913043478261,-16.9,19.08,0
"32","pup",0.328767123,"long",1,2,2,1,0.99,-17.95,19.46,0
"32","pup",0.328767123,"long",2,2,4,3,0.97,-17.72,19.27,0
"32","pup",0.328767123,"long",3,2,6,5,0.95,-17.87,19.19,0
"32","pup",0.328767123,"long",4,2,8,7,0.93,-17.95,18.98,0
"32","pup",0.328767123,"long",5,2,10,9,0.91,-17.99,18.83,0
"32","pup",0.328767123,"long",6,2,12,11,0.89,-18.05,18.69,0
"32","pup",0.328767123,"long",7,2,16,15,0.85,-18.13,18.64,0
"32","pup",0.328767123,"long",8,2,14,13,0.87,-18.16,18.46,0
"32","pup",0.328767123,"long",9,2,18,17,0.83,-18.14,18.21,0
"32","pup",0.328767123,"long",10,2,20,19,0.81,-18.09,18.16,0
"32","pup",0.328767123,"long",11,2,22,21,0.79,-18.08,17.89,0
"32","pup",0.328767123,"long",12,2,24,23,0.77,NA,NA,0
"32","pup",0.328767123,"long",13,2,26,25,0.75,NA,NA,0
"32","pup",0.328767123,"long",14,2,28,27,0.73,NA,NA,0
"32","pup",0.328767123,"long",15,2,30,29,0.71,NA,NA,0
"32","pup",0.328767123,"long",16,2,32,31,0.69,NA,NA,0
"32","pup",0.328767123,"long",17,2,34,33,0.67,-18.49,17.08,0
"32","pup",0.328767123,"long",18,4,38,36,0.64,-18.31,17,0
"32","pup",0.328767123,"long",19,4,41,39,0.61,-18.18,17.07,0
"32","pup",0.328767123,"long",20,4,46,44,0.56,-18.03,16.92,0
"32","pup",0.328767123,"long",21,4,50,48,0.52,-18.08,16.51,0
"32","pup",0.328767123,"long",22,4,54,52,0.48,-18.29,16.89,0
"32","pup",0.328767123,"long",23,4,58,56,0.44,-17.26,17.4,0
"32","pup",0.328767123,"long",24,6,64,61,0.39,-16.73,17.73,0
"32","pup",0.328767123,"long",25,10,74,69,0.31,-16.87,18.28,0
"32","pup",0.328767123,"long",26,26,100,87,0.13,-17.45,18.59,0
"33","pup",0.328767123,"long",1,2,2,1,0.988095238095238,-18.36,19.22,0
"33","pup",0.328767123,"long",2,2,4,3,0.964285714285714,-18.07,19.08,0
"33","pup",0.328767123,"long",3,2,6,5,0.94047619047619,-18.01,18.79,0
"33","pup",0.328767123,"long",4,2,8,7,0.916666666666667,-17.96,18.51,0
"33","pup",0.328767123,"long",5,2,10,9,0.892857142857143,-17.91,18.29,0
"33","pup",0.328767123,"long",6,2,12,11,0.869047619047619,-17.89,17.95,0
"33","pup",0.328767123,"long",7,2,14,13,0.845238095238095,-17.89,17.46,0
"33","pup",0.328767123,"long",8,2,16,15,0.821428571428571,-17.93,17.23,0
"33","pup",0.328767123,"long",9,2,18,17,0.797619047619048,-17.98,17.16,0
"33","pup",0.328767123,"long",10,2,20,19,0.773809523809524,-18.03,16.85,0
"33","pup",0.328767123,"long",11,2,22,21,0.75,-18.17,16.96,0
"33","pup",0.328767123,"long",12,2,24,23,0.726190476190476,-18.26,16.92,0
"33","pup",0.328767123,"long",13,2,26,25,0.702380952380952,-18.29,16.82,0
"33","pup",0.328767123,"long",14,2,28,27,0.678571428571429,-18.4,16.94,0
"33","pup",0.328767123,"long",15,2,30,29,0.654761904761905,-18.48,17.15,0
"33","pup",0.328767123,"long",16,2,32,31,0.630952380952381,-18.47,17.01,0
"33","pup",0.328767123,"long",17,2,34,33,0.607142857142857,-18.52,17.04,0
"33","pup",0.328767123,"long",18,2,36,35,0.583333333333333,-18.49,16.9,0
"33","pup",0.328767123,"long",19,2,38,37,0.55952380952381,-18.44,16.84,0
"33","pup",0.328767123,"long",20,2,40,39,0.535714285714286,-18.35,16.3,0
"33","pup",0.328767123,"long",21,2,42,41,0.511904761904762,-18.44,15.81,0
"33","pup",0.328767123,"long",22,2,44,43,0.488095238095238,-18.81,15.22,0
"33","pup",0.328767123,"long",23,4,48,46,0.452380952380952,-19,14.78,0
"33","pup",0.328767123,"long",24,4,52,50,0.404761904761905,-18.44,15.78,0
"33","pup",0.328767123,"long",25,4,56,54,0.357142857142857,-18.12,16.41,0
"33","pup",0.328767123,"long",26,6,62,59,0.297619047619048,-18.03,16.84,0
"33","pup",0.328767123,"long",27,22,84,73,0.130952380952381,-18,18.03,0
"34","pup",0.328767123,"long",1,4,4,2,0.97752808988764,-18.42,19.55,0
"34","pup",0.328767123,"long",2,2,6,5,0.943820224719101,-18.38,19.29,0
"34","pup",0.328767123,"long",3,2,8,7,0.921348314606742,-18.43,19.11,0
"34","pup",0.328767123,"long",4,2,10,9,0.898876404494382,-18.44,18.76,0
"34","pup",0.328767123,"long",5,2,12,11,0.876404494382023,-18.42,18.55,0
"34","pup",0.328767123,"long",6,2,14,13,0.853932584269663,-18.38,18.34,0
"34","pup",0.328767123,"long",7,2,16,15,0.831460674157303,-18.34,18.33,0
"34","pup",0.328767123,"long",8,2,1,0,1,-18.35,18.4,0
"34","pup",0.328767123,"long",9,2,20,19,0.786516853932584,-18.25,18.33,0
"34","pup",0.328767123,"long",10,2,22,21,0.764044943820225,-18.33,18.36,0
"34","pup",0.328767123,"long",11,2,24,23,0.741573033707865,-18.32,18.27,0
"34","pup",0.328767123,"long",12,2,26,25,0.719101123595506,-18.27,18.25,0
"34","pup",0.328767123,"long",13,2,28,27,0.696629213483146,-18.2,18.29,0
"34","pup",0.328767123,"long",14,2,30,29,0.674157303370786,-18.09,18.54,0
"34","pup",0.328767123,"long",15,2,32,31,0.651685393258427,-17.91,18.25,0
"34","pup",0.328767123,"long",16,2,34,33,0.629213483146067,-17.88,17.71,0
"34","pup",0.328767123,"long",17,2,36,35,0.606741573033708,-18.01,17.2,0
"34","pup",0.328767123,"long",18,2,38,37,0.584269662921348,-18.19,16.97,0
"34","pup",0.328767123,"long",19,4,42,40,0.550561797752809,-17.84,17.84,0
"34","pup",0.328767123,"long",20,4,46,44,0.50561797752809,-17.37,18.99,0
"34","pup",0.328767123,"long",21,4,50,48,0.460674157303371,-16.82,18.9,0
"34","pup",0.328767123,"long",22,4,54,52,0.415730337078652,-16.47,18.57,0
"34","pup",0.328767123,"long",23,4,58,56,0.370786516853933,-16.64,18.27,0
"34","pup",0.328767123,"long",24,6,64,61,0.314606741573034,-16.83,18.24,0
"34","pup",0.328767123,"long",25,8,72,68,0.235955056179775,-16.88,18.45,0
"34","pup",0.328767123,"long",26,17,89,80.5,0.0955056179775281,-17.3,18.49,0
"T15","juvenile",3,"long",1,3,3,1.5,0.9875,-17.78,15.55,3
"T15","juvenile",3,"long",2,1,4,3.5,0.970833333333333,-17.17,15.91,3
"T15","juvenile",3,"long",3,1,5,4.5,0.9625,-17.2,16.03,3
"T15","juvenile",3,"long",4,1,6,5.5,0.954166666666667,-16.87,16.25,3
"T15","juvenile",3,"long",5,1,7,6.5,0.945833333333333,-17,16.34,3
"T15","juvenile",3,"long",6,1,8,7.5,0.9375,-16.99,16.34,3
"T15","juvenile",3,"long",7,1,9,8.5,0.929166666666667,-16.99,16.36,3
"T15","juvenile",3,"long",8,1,10,9.5,0.920833333333333,-16.92,16.5,3
"T15","juvenile",3,"long",9,1,11,10.5,0.9125,-16.93,16.65,3
"T15","juvenile",3,"long",10,1,12,11.5,0.904166666666667,-16.58,16.63,3
"T15","juvenile",3,"long",11,1,13,12.5,0.895833333333333,-16.58,16.39,3
"T15","juvenile",3,"long",12,1,14,13.5,0.8875,-16.87,15.93,3
"T15","juvenile",3,"long",13,1,15,14.5,0.879166666666667,-17.02,15.56,3
"T15","juvenile",3,"long",14,1,16,15.5,0.870833333333333,-17.1,16.07,3
"T15","juvenile",3,"long",15,1,17,16.5,0.8625,-17.13,17.13,3
"T15","juvenile",3,"long",16,1,18,17.5,0.854166666666667,-17.34,17.5,3
"T15","juvenile",3,"long",17,1,19,18.5,0.845833333333333,-17.47,17.99,3
"T15","juvenile",3,"long",18,1,20,19.5,0.8375,-17.5,18.2,3
"T15","juvenile",3,"long",19,1,21,20.5,0.829166666666667,-17.56,18.22,3
"T15","juvenile",3,"long",20,1,22,21.5,0.820833333333333,-17.6,18.1,3
"T15","juvenile",3,"long",21,1,23,22.5,0.8125,-17.57,18.04,3
"T15","juvenile",3,"long",22,1,24,23.5,0.804166666666667,-17.59,17.81,3
"T15","juvenile",3,"long",23,1,25,24.5,0.795833333333333,-17.61,17.18,3
"T15","juvenile",3,"long",24,1,26,25.5,0.7875,-17.63,16.52,3
"T15","juvenile",3,"long",25,1,27,26.5,0.779166666666667,-17.88,15.86,3
"T15","juvenile",3,"long",26,1,28,27.5,0.770833333333333,-18.09,15.31,3
"T15","juvenile",3,"long",27,1,29,28.5,0.7625,-18.13,15.42,3
"T15","juvenile",3,"long",28,1,30,29.5,0.754166666666667,-18.15,15.86,3
"T15","juvenile",3,"long",29,2,32,31,0.741666666666667,-17.64,16.51,3
"T15","juvenile",3,"long",30,1,33,32.5,0.729166666666667,-17.33,16.49,3
"T15","juvenile",3,"long",31,1,34,33.5,0.720833333333333,-17.02,16.48,3
"T15","juvenile",3,"long",32,1,35,34.5,0.7125,-16.96,16.36,3
"T15","juvenile",3,"long",33,1,36,35.5,0.704166666666667,-16.99,16.14,3
"T15","juvenile",3,"long",34,1,37,36.5,0.695833333333333,-17,15.99,3
"T15","juvenile",3,"long",35,1,38,37.5,0.6875,-17.04,15.74,3
"T15","juvenile",3,"long",36,1,39,38.5,0.679166666666667,-17.18,15.3,3
"T15","juvenile",3,"long",37,1,40,39.5,0.670833333333333,-17.35,14.94,3
"T15","juvenile",3,"long",38,1,41,40.5,0.6625,-17.66,14.59,3
"T15","juvenile",3,"long",39,1,42,41.5,0.654166666666667,-17.88,13.94,3
"T15","juvenile",3,"long",40,1,43,42.5,0.645833333333333,-18.02,13.79,3
"T15","juvenile",3,"long",41,1,44,43.5,0.6375,-17.99,13.67,3
"T15","juvenile",3,"long",42,1,45,44.5,0.629166666666667,-17.52,14.75,3
"T15","juvenile",3,"long",43,1,46,45.5,0.620833333333333,-17.27,15.55,3
"T15","juvenile",3,"long",44,1,47,46.5,0.6125,-17.41,15.77,3
"T15","juvenile",3,"long",45,1,48,47.5,0.604166666666667,-17.55,16.02,3
"T15","juvenile",3,"long",46,1,49,48.5,0.595833333333333,-17.7,15.61,3
"T15","juvenile",3,"long",47,1,50,49.5,0.5875,-18,14.69,3
"T15","juvenile",3,"long",48,1,51,50.5,0.579166666666667,-18.21,14.18,3
"T15","juvenile",3,"long",49,1,52,51.5,0.570833333333333,-18.5,13.66,3
"T15","juvenile",3,"long",50,1,53,52.5,0.5625,-18.53,13.38,3
"T15","juvenile",3,"long",51,1,54,53.5,0.554166666666667,-18.68,13.12,3
"T15","juvenile",3,"long",52,1,55,54.5,0.545833333333333,-18.74,12.92,3
"T15","juvenile",3,"long",53,1,56,55.5,0.5375,-18.65,13.13,3
"T15","juvenile",3,"long",54,1,57,56.5,0.529166666666667,-18.75,13.13,3
"T15","juvenile",3,"long",55,1,58,57.5,0.520833333333333,-18.63,13.09,3
"T15","juvenile",3,"long",56,1,59,58.5,0.5125,-18.61,13.28,3
"T15","juvenile",3,"long",57,1,60,59.5,0.504166666666667,-18.56,13.25,3
"T15","juvenile",3,"long",58,1,61,60.5,0.495833333333333,-18.51,13.63,3
"T15","juvenile",3,"long",59,1,62,61.5,0.4875,-18.4,13.57,3
"T15","juvenile",3,"long",60,1,63,62.5,0.479166666666667,-18.22,13.8,3
"T15","juvenile",3,"long",61,1,64,63.5,0.470833333333333,-18.17,14.05,3
"T15","juvenile",3,"long",62,1,65,64.5,0.4625,-17.92,14.35,3
"T15","juvenile",3,"long",63,1,66,65.5,0.454166666666667,-17.95,14.25,3
"T15","juvenile",3,"long",64,1,67,66.5,0.445833333333333,-17.81,14.33,3
"T15","juvenile",3,"long",65,1,68,67.5,0.4375,-17.83,14.22,3
"T15","juvenile",3,"long",66,1,69,68.5,0.429166666666667,-17.76,14.21,3
"T15","juvenile",3,"long",67,1,70,69.5,0.420833333333333,-17.58,14.32,3
"T15","juvenile",3,"long",68,1,71,70.5,0.4125,-17.63,14.22,3
"T15","juvenile",3,"long",69,2,73,72,0.4,-17.68,13.65,3
"T15","juvenile",3,"long",70,2,75,74,0.383333333333333,-18.03,13.07,3
"T15","juvenile",3,"long",71,2,77,76,0.366666666666667,-18.13,13.54,3
"T15","juvenile",3,"long",72,2,79,78,0.35,-18.23,15.15,3
"T15","juvenile",3,"long",73,2,81,80,0.333333333333333,-18.3,16.26,3
"T15","juvenile",3,"long",74,2,83,82,0.316666666666667,-18.39,16.39,3
"T15","juvenile",3,"long",75,2,85,84,0.3,-18.36,16.37,3
"T15","juvenile",3,"long",76,4,89,87,0.275,-18.22,16.22,3
"T15","juvenile",3,"long",77,4,93,91,0.241666666666667,-18.19,16.2,3
"T15","juvenile",3,"long",78,4,97,95,0.208333333333333,-18.22,16.39,3
"T15","juvenile",3,"long",79,4,101,99,0.175,-18.15,16.62,3
"T15","juvenile",3,"long",80,4,105,103,0.141666666666667,-18.14,17.24,3
"T15","juvenile",3,"long",81,4,109,107,0.108333333333333,-18.14,16.74,3
"T15","juvenile",3,"long",82,11,120,114.5,0.0458333333333333,-18.21,16.62,3
"T5","juvenile",2,"long",1,2,2,1,0.992601908707553,-18.15,16.22,2
"T5","juvenile",2,"long",2,2,4,3,0.97780572612266,-17.62,15.57,2
"T5","juvenile",2,"long",3,1,5,4.5,0.96670858918399,-17.48,15.39,2
"T5","juvenile",2,"long",4,1,6,5.5,0.959310497891544,-17.62,15.03,2
"T5","juvenile",2,"long",5,1,7,6.5,0.951912406599097,-17.55,14.96,2
"T5","juvenile",2,"long",6,1,8,7.5,0.944514315306651,-17.59,14.82,2
"T5","juvenile",2,"long",7,1,9,8.5,0.937116224014204,-17.69,14.67,2
"T5","juvenile",2,"long",8,1,10,9.5,0.929718132721758,-17.75,14.68,2
"T5","juvenile",2,"long",9,1,11,10.5,0.922320041429311,-17.81,14.55,2
"T5","juvenile",2,"long",10,1,12,11.5,0.914921950136865,-17.9,14.56,2
"T5","juvenile",2,"long",11,1,13,12.5,0.907523858844418,-17.99,14.52,2
"T5","juvenile",2,"long",12,1,14,13.5,0.900125767551972,-18,14.48,2
"T5","juvenile",2,"long",13,1,15,14.5,0.892727676259525,-17.96,14.59,2
"T5","juvenile",2,"long",14,1,16,15.5,0.885329584967078,-17.82,14.62,2
"T5","juvenile",2,"long",15,1,17,16.5,0.877931493674632,-17.65,14.78,2
"T5","juvenile",2,"long",16,1,18,17.5,0.870533402382185,-17.64,14.66,2
"T5","juvenile",2,"long",17,1,19,18.5,0.863135311089739,-17.65,14.3,2
"T5","juvenile",2,"long",18,1,20,19.5,0.855737219797292,-17.66,13.78,2
"T5","juvenile",2,"long",19,1,21,20.5,0.848339128504846,-17.76,13.21,2
"T5","juvenile",2,"long",20,1,22,21.5,0.840941037212399,-17.93,12.92,2
"T5","juvenile",2,"long",21,1,23,22.5,0.833542945919953,-18.07,12.92,2
"T5","juvenile",2,"long",22,1,24,23.5,0.826144854627506,-18.14,12.91,2
"T5","juvenile",2,"long",23,1,25,24.5,0.81874676333506,-18.19,12.96,2
"T5","juvenile",2,"long",24,1,26,25.5,0.811348672042613,-18.18,12.97,2
"T5","juvenile",2,"long",25,1,27,26.5,0.803950580750166,-18.14,13.04,2
"T5","juvenile",2,"long",26,1,28,27.5,0.79655248945772,-18.14,12.92,2
"T5","juvenile",2,"long",27,1,29,28.5,0.789154398165273,-18.14,12.99,2
"T5","juvenile",2,"long",28,1,30,29.5,0.781756306872827,-18.06,12.93,2
"T5","juvenile",2,"long",29,1,31,30.5,0.77435821558038,-18.09,12.94,2
"T5","juvenile",2,"long",30,1,32,31.5,0.766960124287934,-18.14,13.04,2
"T5","juvenile",2,"long",31,1,33,32.5,0.759562032995487,-18.17,13.23,2
"T5","juvenile",2,"long",32,1,34,33.5,0.752163941703041,-18.2,13.41,2
"T5","juvenile",2,"long",33,1,35,34.5,0.744765850410594,-18.19,13.57,2
"T5","juvenile",2,"long",34,1,36,35.5,0.737367759118148,-18.27,13.67,2
"T5","juvenile",2,"long",35,1,37,36.5,0.729969667825701,-18.28,13.87,2
"T5","juvenile",2,"long",36,1,38,37.5,0.722571576533254,-18.33,13.88,2
"T5","juvenile",2,"long",37,1,39,38.5,0.715173485240808,-18.32,13.92,2
"T5","juvenile",2,"long",38,1,40,39.5,0.707775393948361,-18.46,13.81,2
"T5","juvenile",2,"long",39,1,41,40.5,0.700377302655915,-18.57,13.76,2
"T5","juvenile",2,"long",40,1,42,41.5,0.692979211363468,-18.67,13.71,2
"T5","juvenile",2,"long",41,1,43,42.5,0.685581120071022,-18.7,13.62,2
"T5","juvenile",2,"long",42,1,44,43.5,0.678183028778575,-18.75,13.7,2
"T5","juvenile",2,"long",43,2,46,45,0.667085891839905,-18.77,13.69,2
"T5","juvenile",2,"long",44,1,47,46.5,0.655988754901235,-18.74,13.9,2
"T5","juvenile",2,"long",45,1,48,47.5,0.648590663608789,-18.76,13.96,2
"T5","juvenile",2,"long",46,2,50,49,0.637493526670119,-18.62,13.96,2
"T5","juvenile",2,"long",47,2,52,51,0.622697344085226,-18.3,14.42,2
"T5","juvenile",2,"long",48,1,53,52.5,0.611600207146556,-18.19,14.51,2
"T5","juvenile",2,"long",49,1,54,53.5,0.60420211585411,-18.18,14.51,2
"T5","juvenile",2,"long",50,1,55,54.5,0.596804024561663,-18.26,14.11,2
"T5","juvenile",2,"long",51,2,57,56,0.585706887622993,-18.48,13.6,2
"T5","juvenile",2,"long",52,2,59,58,0.5709107050381,-18.64,13.22,2
"T5","juvenile",2,"long",53,1,60,59.5,0.55981356809943,-18.72,13,2
"T5","juvenile",2,"long",54,1,61,60.5,0.552415476806984,-18.7,13.02,2
"T5","juvenile",2,"long",55,1,62,61.5,0.545017385514537,-18.54,13.22,2
"T5","juvenile",2,"long",56,1,63,62.5,0.537619294222091,-18.42,13.48,2
"T5","juvenile",2,"long",57,1,64,63.5,0.530221202929644,-18.25,13.7,2
"T5","juvenile",2,"long",58,1,65,64.5,0.522823111637198,-18.17,14.05,2
"T5","juvenile",2,"long",59,1,66,65.5,0.515425020344751,-18.2,14.16,2
"T5","juvenile",2,"long",60,1,67,66.5,0.508026929052305,-18.18,14.2,2
"T5","juvenile",2,"long",61,1,68,67.5,0.500628837759858,-18.17,14.25,2
"T5","juvenile",2,"long",62,1,69,68.5,0.493230746467411,-18.13,14.34,2
"T5","juvenile",2,"long",63,1,70,69.5,0.485832655174965,-18.11,14.49,2
"T5","juvenile",2,"long",64,1,71,70.5,0.478434563882518,-18.05,14.42,2
"T5","juvenile",2,"long",65,2,73,72,0.467337426943848,-17.81,15.57,2
"T5","juvenile",2,"long",66,1,74,73.5,0.456240290005179,-17.66,16.69,2
"T5","juvenile",2,"long",67,1,75,74.5,0.448842198712732,-17.55,17.77,2
"T5","juvenile",2,"long",68,1,76,75.5,0.441444107420286,-17.52,18.42,2
"T5","juvenile",2,"long",69,1,77,76.5,0.434046016127839,-17.49,18.99,2
"T5","juvenile",2,"long",70,1,78,77.5,0.426647924835392,-17.45,19.03,2
"T5","juvenile",2,"long",71,1,79,78.5,0.419249833542946,-17.41,19.08,2
"T5","juvenile",2,"long",72,1,80,79.5,0.411851742250499,-17.4,19,2
"T5","juvenile",2,"long",73,2,82,81,0.400754605311829,-17.19,18.87,2
"T5","juvenile",2,"long",74,2,84,83,0.385958422726936,-17.14,18.55,2
"T5","juvenile",2,"long",75,2,86,85,0.371162240142043,-17.06,18.32,2
"T5","juvenile",2,"long",76,2,88,87,0.35636605755715,-17.11,18.17,2
"T5","juvenile",2,"long",77,2,90,89,0.341569874972257,-17.16,18.12,2
"T5","juvenile",2,"long",78,2,92,91,0.326773692387364,-17.16,18.18,2
"T5","juvenile",2,"long",79,2,94,93,0.311977509802471,-17.23,18.1,2
"T5","juvenile",2,"long",80,2,96,95,0.297181327217578,-17.33,18.04,2
"T5","juvenile",2,"long",81,2,98,97,0.282385144632685,-17.45,17.84,2
"T5","juvenile",2,"long",82,2,100,99,0.267588962047792,-17.53,17.62,2
"T5","juvenile",2,"long",83,2,102,101,0.252792779462898,-17.58,17.21,2
"T5","juvenile",2,"long",84,2,104,103,0.237996596878005,-17.83,16.25,2
"T5","juvenile",2,"long",85,4,108,106,0.215802323000666,-18.55,15.22,2
"T5","juvenile",2,"long",86,4,112,110,0.18620995783088,-18.85,15.29,2
"T5","juvenile",2,"long",87,4,116,114,0.156617592661093,-18.29,16.72,2
"T5","juvenile",2,"long",88,6,122,119,0.119627136198861,-17.74,17.61,2
"T5","juvenile",2,"long",89,13.17,135.17,128.585,0.0487164311607606,-17.31,17.2,2
"T6","juvenile",3,"long",1,4,4,2,0.986654210596557,-18.58,16.67,3
"T6","juvenile",3,"long",2,2,6,5,0.966635526491392,-18.4,16.15,3
"T6","juvenile",3,"long",3,1,7,6.5,0.95662618443881,-18.42,15.87,3
"T6","juvenile",3,"long",4,1,8,7.5,0.949953289737088,-18.46,15.07,3
"T6","juvenile",3,"long",5,1,9,8.5,0.943280395035366,-18.38,14.7,3
"T6","juvenile",3,"long",6,1,10,9.5,0.936607500333645,-18.33,14.26,3
"T6","juvenile",3,"long",7,1,11,10.5,0.929934605631923,-18.3,14,3
"T6","juvenile",3,"long",8,1,12,11.5,0.923261710930201,-18.32,13.83,3
"T6","juvenile",3,"long",9,1,13,12.5,0.91658881622848,-18.35,13.66,3
"T6","juvenile",3,"long",10,1,14,13.5,0.909915921526758,-18.33,13.51,3
"T6","juvenile",3,"long",11,1,15,14.5,0.903243026825037,-18.2,13.47,3
"T6","juvenile",3,"long",12,1,16,15.5,0.896570132123315,-18.14,13.55,3
"T6","juvenile",3,"long",13,1,17,16.5,0.889897237421594,-18,13.82,3
"T6","juvenile",3,"long",14,1,18,17.5,0.883224342719872,-17.81,14.23,3
"T6","juvenile",3,"long",15,1,19,18.5,0.87655144801815,-17.66,14.34,3
"T6","juvenile",3,"long",16,1,20,19.5,0.869878553316429,-17.58,14.44,3
"T6","juvenile",3,"long",17,1,21,20.5,0.863205658614707,-17.53,14.26,3
"T6","juvenile",3,"long",18,1,22,21.5,0.856532763912985,-17.57,14.28,3
"T6","juvenile",3,"long",19,1,23,22.5,0.849859869211264,-17.47,14.27,3
"T6","juvenile",3,"long",20,1,24,23.5,0.843186974509542,-17.44,14.15,3
"T6","juvenile",3,"long",21,1,25,24.5,0.836514079807821,-17.44,14.13,3
"T6","juvenile",3,"long",22,1,26,25.5,0.829841185106099,-17.47,13.88,3
"T6","juvenile",3,"long",23,1,27,26.5,0.823168290404377,-17.5,13.72,3
"T6","juvenile",3,"long",24,1,28,27.5,0.816495395702656,-17.58,13.4,3
"T6","juvenile",3,"long",25,1,29,28.5,0.809822501000934,-17.59,13.14,3
"T6","juvenile",3,"long",26,1,30,29.5,0.803149606299213,-17.77,12.85,3
"T6","juvenile",3,"long",27,1,31,30.5,0.796476711597491,-17.86,12.84,3
"T6","juvenile",3,"long",28,1,32,31.5,0.789803816895769,-17.79,13.16,3
"T6","juvenile",3,"long",29,1,33,32.5,0.783130922194048,-17.79,13.31,3
"T6","juvenile",3,"long",30,1,34,33.5,0.776458027492326,-17.75,13.49,3
"T6","juvenile",3,"long",31,1,35,34.5,0.769785132790605,-17.8,13.77,3
"T6","juvenile",3,"long",32,1,36,35.5,0.763112238088883,-17.84,13.81,3
"T6","juvenile",3,"long",33,1,37,36.5,0.756439343387161,-17.95,13.72,3
"T6","juvenile",3,"long",34,1,38,37.5,0.74976644868544,-18.08,13.39,3
"T6","juvenile",3,"long",35,1,39,38.5,0.743093553983718,-18.14,13.2,3
"T6","juvenile",3,"long",36,1,40,39.5,0.736420659281997,-18.16,13.08,3
"T6","juvenile",3,"long",37,1,41,40.5,0.729747764580275,-18.23,13.03,3
"T6","juvenile",3,"long",38,1,42,41.5,0.723074869878553,-18.25,13.06,3
"T6","juvenile",3,"long",39,1,43,42.5,0.716401975176832,-18.25,13.27,3
"T6","juvenile",3,"long",40,1,44,43.5,0.70972908047511,-18.19,13.35,3
"T6","juvenile",3,"long",41,1,45,44.5,0.703056185773389,-18.32,13.21,3
"T6","juvenile",3,"long",42,1,46,45.5,0.696383291071667,-18.49,13.14,3
"T6","juvenile",3,"long",43,1,47,46.5,0.689710396369945,-18.56,13.02,3
"T6","juvenile",3,"long",44,1,48,47.5,0.683037501668224,-18.62,13.07,3
"T6","juvenile",3,"long",45,1,49,48.5,0.676364606966502,-18.62,13.07,3
"T6","juvenile",3,"long",46,1,50,49.5,0.669691712264781,-18.72,13.09,3
"T6","juvenile",3,"long",47,1,51,50.5,0.663018817563059,-18.72,13.11,3
"T6","juvenile",3,"long",48,1,52,51.5,0.656345922861337,-18.78,13.21,3
"T6","juvenile",3,"long",49,1,53,52.5,0.649673028159616,-18.7,13.19,3
"T6","juvenile",3,"long",50,1,54,53.5,0.643000133457894,-18.82,13.04,3
"T6","juvenile",3,"long",51,1,55,54.5,0.636327238756172,-18.8,13.09,3
"T6","juvenile",3,"long",52,1,56,55.5,0.629654344054451,-18.6,13.44,3
"T6","juvenile",3,"long",53,1,57,56.5,0.622981449352729,-18.45,13.7,3
"T6","juvenile",3,"long",54,1,58,57.5,0.616308554651008,-18.32,13.78,3
"T6","juvenile",3,"long",55,1,59,58.5,0.609635659949286,-18.23,14.1,3
"T6","juvenile",3,"long",56,1,60,59.5,0.602962765247564,-18.18,14.31,3
"T6","juvenile",3,"long",57,1,61,60.5,0.596289870545843,-18.05,14.52,3
"T6","juvenile",3,"long",58,1,62,61.5,0.589616975844121,-17.97,14.69,3
"T6","juvenile",3,"long",59,1,63,62.5,0.5829440811424,-17.87,14.83,3
"T6","juvenile",3,"long",60,1,64,63.5,0.576271186440678,-17.87,14.81,3
"T6","juvenile",3,"long",61,1,65,64.5,0.569598291738956,-17.83,14.75,3
"T6","juvenile",3,"long",62,1,66,65.5,0.562925397037235,-17.82,14.69,3
"T6","juvenile",3,"long",63,1,67,66.5,0.556252502335513,-17.77,14.69,3
"T6","juvenile",3,"long",64,1,68,67.5,0.549579607633792,-17.79,14.62,3
"T6","juvenile",3,"long",65,1,69,68.5,0.54290671293207,-17.81,14.38,3
"T6","juvenile",3,"long",66,1,70,69.5,0.536233818230348,-17.78,14.2,3
"T6","juvenile",3,"long",67,1,71,70.5,0.529560923528627,-17.7,14.24,3
"T6","juvenile",3,"long",68,1,72,71.5,0.522888028826905,-17.66,14.34,3
"T6","juvenile",3,"long",69,1,73,72.5,0.516215134125183,-17.58,14.29,3
"T6","juvenile",3,"long",70,1,74,73.5,0.509542239423462,-17.59,14.1,3
"T6","juvenile",3,"long",71,1,75,74.5,0.50286934472174,-17.57,13.97,3
"T6","juvenile",3,"long",72,1,76,75.5,0.496196450020019,-17.52,13.81,3
"T6","juvenile",3,"long",73,1,77,76.5,0.489523555318297,-17.55,13.59,3
"T6","juvenile",3,"long",74,1,78,77.5,0.482850660616576,-17.62,13.24,3
"T6","juvenile",3,"long",75,1,79,78.5,0.476177765914854,-17.65,12.87,3
"T6","juvenile",3,"long",76,1,80,79.5,0.469504871213132,-17.59,12.74,3
"T6","juvenile",3,"long",77,1,81,80.5,0.462831976511411,-17.72,12.04,3
"T6","juvenile",3,"long",78,1,82,81.5,0.456159081809689,-17.85,11.86,3
"T6","juvenile",3,"long",79,1,83,82.5,0.449486187107968,-18.03,11.57,3
"T6","juvenile",3,"long",80,1,84,83.5,0.442813292406246,-18.14,11.6,3
"T6","juvenile",3,"long",81,2,86,85,0.432803950353663,-18.26,11.93,3
"T6","juvenile",3,"long",82,2,88,87,0.41945816095022,-18.08,12.96,3
"T6","juvenile",3,"long",83,2,90,89,0.406112371546777,-17.67,14.91,3
"T6","juvenile",3,"long",84,2,92,91,0.392766582143334,-17.42,16.71,3
"T6","juvenile",3,"long",85,2,94,93,0.379420792739891,-17.31,17.84,3
"T6","juvenile",3,"long",86,2,96,95,0.366075003336447,-17.33,18.12,3
"T6","juvenile",3,"long",87,2,98,97,0.352729213933004,-17.39,18.08,3
"T6","juvenile",3,"long",88,2,100,99,0.339383424529561,-17.44,17.84,3
"T6","juvenile",3,"long",89,2,102,101,0.326037635126118,-17.54,17.51,3
"T6","juvenile",3,"long",90,2,104,103,0.312691845722675,-17.6,17.42,3
"T6","juvenile",3,"long",91,2,106,105,0.299346056319231,-17.61,17.21,3
"T6","juvenile",3,"long",92,2,108,107,0.286000266915788,-17.74,16.93,3
"T6","juvenile",3,"long",93,2,110,109,0.272654477512345,-17.83,16.54,3
"T6","juvenile",3,"long",94,2,112,111,0.259308688108902,-17.89,16.43,3
"T6","juvenile",3,"long",95,2,114,113,0.245962898705459,-17.97,16.12,3
"T6","juvenile",3,"long",96,2,116,115,0.232617109302015,-17.95,16.26,3
"T6","juvenile",3,"long",97,2,118,117,0.219271319898572,-17.85,16.31,3
"T6","juvenile",3,"long",98,2,120,119,0.205925530495129,-17.74,16.34,3
"T6","juvenile",3,"long",99,2,122,121,0.192579741091686,-17.77,16.14,3
"T6","juvenile",3,"long",100,4,126,124,0.172561056986521,-17.8,16.03,3
"T6","juvenile",3,"long",101,4,130,128,0.145869478179634,-18.01,15.58,3
"T6","juvenile",3,"long",102,4,134,132,0.119177899372748,-18.09,14.82,3
"T6","juvenile",3,"long",103,6,140,137,0.08581342586414,-17.91,14.09,3
"T6","juvenile",3,"long",104,8,148,144,0.0391031629520887,-18.54,13.58,3
"T6","juvenile",3,"long",105,1.86,149.86,148.93,0.00620579207260119,-18.24,12.33,3
"T3","juvenile",2,"long",1,3,3,1.5,0.984188890060082,-18.38,14.82,2
"T3","juvenile",2,"long",2,2,5,4,0.957837040160219,-18.68,13.52,2
"T3","juvenile",2,"long",3,1,6,5.5,0.942025930220301,-18.74,12.89,2
"T3","juvenile",2,"long",4,1,7,6.5,0.931485190260356,-18.63,12.72,2
"T3","juvenile",2,"long",5,1,8,7.5,0.920944450300411,-18.54,12.86,2
"T3","juvenile",2,"long",6,1,9,8.5,0.910403710340466,-18.25,13.26,2
"T3","juvenile",2,"long",7,1,10,9.5,0.899862970380521,-18.08,13.45,2
"T3","juvenile",2,"long",8,1,11,10.5,0.889322230420576,-17.95,13.7,2
"T3","juvenile",2,"long",9,1,12,11.5,0.87878149046063,-17.72,14.59,2
"T3","juvenile",2,"long",10,1,13,12.5,0.868240750500685,-17.74,15.22,2
"T3","juvenile",2,"long",11,1,14,13.5,0.85770001054074,-17.8,15.9,2
"T3","juvenile",2,"long",12,1,15,14.5,0.847159270580795,-17.98,15.94,2
"T3","juvenile",2,"long",13,1,16,15.5,0.83661853062085,-18.13,15.25,2
"T3","juvenile",2,"long",14,1,17,16.5,0.826077790660904,-18.33,14.3,2
"T3","juvenile",2,"long",15,1,18,17.5,0.815537050700959,-18.54,13.14,2
"T3","juvenile",2,"long",16,1,19,18.5,0.804996310741014,-18.71,12.01,2
"T3","juvenile",2,"long",17,1,20,19.5,0.794455570781069,-18.95,11.17,2
"T3","juvenile",2,"long",18,1,21,20.5,0.783914830821124,-19.15,10.66,2
"T3","juvenile",2,"long",19,1,22,21.5,0.773374090861178,-19.3,10.35,2
"T3","juvenile",2,"long",20,1,23,22.5,0.762833350901233,-19.19,10.27,2
"T3","juvenile",2,"long",21,1,24,23.5,0.752292610941288,-19.12,10.13,2
"T3","juvenile",2,"long",22,1,25,24.5,0.741751870981343,-19.21,10.14,2
"T3","juvenile",2,"long",23,2,27,26,0.725940761041425,-19.24,9.8,2
"T3","juvenile",2,"long",24,1,28,27.5,0.710129651101507,-19.25,9.93,2
"T3","juvenile",2,"long",25,1,29,28.5,0.699588911141562,-19.31,10.02,2
"T3","juvenile",2,"long",26,1,30,29.5,0.689048171181617,-19.24,10.1,2
"T3","juvenile",2,"long",27,2,32,31,0.673237061241699,-19.14,10.51,2
"T3","juvenile",2,"long",28,2,34,33,0.652155581321809,-19.04,11.07,2
"T3","juvenile",2,"long",29,2,36,35,0.631074101401918,-19.09,11.53,2
"T3","juvenile",2,"long",30,2,38,37,0.609992621482028,-18.95,11.96,2
"T3","juvenile",2,"long",31,2,40,39,0.588911141562138,-18.65,12.3,2
"T3","juvenile",2,"long",32,2,42,41,0.567829661642247,-18.29,13.68,2
"T3","juvenile",2,"long",33,2,44,43,0.546748181722357,-17.98,17,2
"T3","juvenile",2,"long",34,2,46,45,0.525666701802467,-17.83,19,2
"T3","juvenile",2,"long",35,2,48,47,0.504585221882576,-17.87,19.63,2
"T3","juvenile",2,"long",36,2,50,49,0.483503741962686,-17.77,19.44,2
"T3","juvenile",2,"long",37,2,52,51,0.462422262042795,-17.56,19.13,2
"T3","juvenile",2,"long",38,2,54,53,0.441340782122905,-17.45,18.85,2
"T3","juvenile",2,"long",39,2,56,55,0.420259302203015,-17.24,18.76,2
"T3","juvenile",2,"long",40,2,58,57,0.399177822283124,-17.25,18.53,2
"T3","juvenile",2,"long",41,2,60,59,0.378096342363234,-17.38,18.33,2
"T3","juvenile",2,"long",42,2,62,61,0.357014862443344,-17.33,17.96,2
"T3","juvenile",2,"long",43,4,66,64,0.325392642563508,-17.28,17.43,2
"T3","juvenile",2,"long",44,4,70,68,0.283229682723727,-17.41,16.69,2
"T3","juvenile",2,"long",45,6,76,73,0.230525982924001,-17.77,15.42,2
"T3","juvenile",2,"long",46,6,82,79,0.16728154316433,-17.49,15.38,2
"T3","juvenile",2,"long",47,12.87,94.87,88.435,0.0678296616422474,-17.23,16.18,2
"T3","juvenile",2,"short",1,2,2,1,0.986728599867286,-18.35,15.09,2
"T3","juvenile",2,"short",2,1,3,2.5,0.966821499668215,-18.7,13.98,2
"T3","juvenile",2,"short",3,1,4,3.5,0.953550099535501,-18.73,13.44,2
"T3","juvenile",2,"short",4,1,5,4.5,0.940278699402787,-18.61,13.31,2
"T3","juvenile",2,"short",5,1,6,5.5,0.927007299270073,-18.37,13.52,2
"T3","juvenile",2,"short",6,1,7,6.5,0.913735899137359,-18.19,13.58,2
"T3","juvenile",2,"short",7,1,8,7.5,0.900464499004645,-18.04,13.74,2
"T3","juvenile",2,"short",8,1,9,8.5,0.887193098871931,-17.82,14.94,2
"T3","juvenile",2,"short",9,1,10,9.5,0.873921698739217,-17.73,15.39,2
"T3","juvenile",2,"short",10,1,11,10.5,0.860650298606503,-17.9,16.28,2
"T3","juvenile",2,"short",11,1,12,11.5,0.847378898473789,-18.07,15.51,2
"T3","juvenile",2,"short",12,1,13,12.5,0.834107498341075,-18.25,14.23,2
"T3","juvenile",2,"short",13,1,14,13.5,0.820836098208361,-18.53,12.88,2
"T3","juvenile",2,"short",14,1,15,14.5,0.807564698075647,-18.78,11.95,2
"T3","juvenile",2,"short",15,1,16,15.5,0.794293297942933,-19.03,11.37,2
"T3","juvenile",2,"short",16,1,17,16.5,0.781021897810219,-19.15,10.71,2
"T3","juvenile",2,"short",17,1,18,17.5,0.767750497677505,-19.21,10.6,2
"T3","juvenile",2,"short",18,1,19,18.5,0.754479097544791,-19.08,10.6,2
"T3","juvenile",2,"short",19,1,20,19.5,0.741207697412077,-19.15,10.36,2
"T3","juvenile",2,"short",20,1,21,20.5,0.727936297279363,-19.23,10.33,2
"T3","juvenile",2,"short",21,1,22,21.5,0.714664897146649,-19.27,9.94,2
"T3","juvenile",2,"short",22,1,23,22.5,0.701393497013935,-19.3,10.27,2
"T3","juvenile",2,"short",23,1,24,23.5,0.688122096881221,-19.23,10.54,2
"T3","juvenile",2,"short",24,1,25,24.5,0.674850696748507,-19.15,10.63,2
"T3","juvenile",2,"short",25,1,26,25.5,0.661579296615793,-19.16,11.14,2
"T3","juvenile",2,"short",26,1,27,26.5,0.648307896483079,-19.09,11.44,2
"T3","juvenile",2,"short",27,1,28,27.5,0.635036496350365,-19.09,11.81,2
"T3","juvenile",2,"short",28,2,30,29,0.615129396151294,-18.88,12.13,2
"T3","juvenile",2,"short",29,2,32,31,0.588586595885866,-18.41,13.59,2
"T3","juvenile",2,"short",30,3,35,33.5,0.555408095554081,-17.94,17.3,2
"T3","juvenile",2,"short",31,1,36,35.5,0.528865295288653,-17.89,19.2,2
"T3","juvenile",2,"short",32,2,38,37,0.508958195089582,-17.79,19.72,2
"T3","juvenile",2,"short",33,2,40,39,0.482415394824154,-17.6,19.58,2
"T3","juvenile",2,"short",34,2,42,41,0.455872594558726,-17.38,19.13,2
"T3","juvenile",2,"short",35,2,44,43,0.429329794293298,-17.24,18.93,2
"T3","juvenile",2,"short",36,2,46,45,0.40278699402787,-17.29,18.77,2
"T3","juvenile",2,"short",37,2,48,47,0.376244193762442,-17.01,18.27,2
"T3","juvenile",2,"short",38,4,52,50,0.3364299933643,-17.32,17.73,2
"T3","juvenile",2,"short",39,6,58,55,0.27007299270073,-17.52,16.48,2
"T3","juvenile",2,"short",40,6,64,61,0.190444591904446,-17.79,15.8,2
"T3","juvenile",2,"short",41,11.35,75.35,69.675,0.0753151957531519,-17.67,17.42,2
"T11","juvenile",3,"long",1,2,2,1,0.991099243435692,-18.03,16.48,3
"T11","juvenile",3,"long",2,2,4,3,0.973297730307076,-17.52,15.79,3
"T11","juvenile",3,"long",3,1,5,4.5,0.959946595460614,-17.45,15.59,3
"T11","juvenile",3,"long",4,2,7,6,0.946595460614152,-17.4,15.31,3
"T11","juvenile",3,"long",5,1,8,7.5,0.93324432576769,-17.38,15.2,3
"T11","juvenile",3,"long",6,1,9,8.5,0.924343569203382,-17.35,15.33,3
"T11","juvenile",3,"long",7,1,10,9.5,0.915442812639074,-17.41,15.21,3
"T11","juvenile",3,"long",8,1,11,10.5,0.906542056074766,-17.44,15.16,3
"T11","juvenile",3,"long",9,1,12,11.5,0.897641299510458,-17.47,15.16,3
"T11","juvenile",3,"long",10,1,13,12.5,0.88874054294615,-17.38,15.36,3
"T11","juvenile",3,"long",11,1,14,13.5,0.879839786381842,-17.11,15.66,3
"T11","juvenile",3,"long",12,1,15,14.5,0.870939029817534,-16.99,15.96,3
"T11","juvenile",3,"long",13,1,16,15.5,0.862038273253227,-16.88,16.27,3
"T11","juvenile",3,"long",14,1,17,16.5,0.853137516688919,-16.93,15.78,3
"T11","juvenile",3,"long",15,1,18,17.5,0.844236760124611,-16.79,16.1,3
"T11","juvenile",3,"long",16,1,19,18.5,0.835336003560303,-16.78,16.82,3
"T11","juvenile",3,"long",17,1,20,19.5,0.826435246995995,-16.94,17.03,3
"T11","juvenile",3,"long",18,1,21,20.5,0.817534490431687,-17.15,17.68,3
"T11","juvenile",3,"long",19,1,22,21.5,0.808633733867379,-17.35,17.6,3
"T11","juvenile",3,"long",20,1,23,22.5,0.799732977303071,-17.52,17.93,3
"T11","juvenile",3,"long",21,1,24,23.5,0.790832220738763,-17.68,17.9,3
"T11","juvenile",3,"long",22,1,25,24.5,0.781931464174455,-17.68,18.05,3
"T11","juvenile",3,"long",23,1,26,25.5,0.773030707610147,-17.75,18,3
"T11","juvenile",3,"long",24,1,27,26.5,0.764129951045839,-17.76,17.44,3
"T11","juvenile",3,"long",25,1,28,27.5,0.755229194481531,-17.71,16.76,3
"T11","juvenile",3,"long",26,1,29,28.5,0.746328437917223,-17.63,16.2,3
"T11","juvenile",3,"long",27,1,30,29.5,0.737427681352915,-17.65,15.6,3
"T11","juvenile",3,"long",28,1,31,30.5,0.728526924788607,-17.68,15.53,3
"T11","juvenile",3,"long",29,1,32,31.5,0.719626168224299,-17.66,15.1,3
"T11","juvenile",3,"long",30,1,33,32.5,0.710725411659991,-17.83,14.81,3
"T11","juvenile",3,"long",31,1,34,33.5,0.701824655095683,-17.95,14.81,3
"T11","juvenile",3,"long",32,2,36,35,0.688473520249221,-18.14,14.68,3
"T11","juvenile",3,"long",33,1,37,36.5,0.675122385402759,-18.25,14.92,3
"T11","juvenile",3,"long",34,1,38,37.5,0.666221628838451,-18.24,15.06,3
"T11","juvenile",3,"long",35,1,39,38.5,0.657320872274143,-18.19,15.24,3
"T11","juvenile",3,"long",36,2,41,40,0.643969737427681,-17.87,15.15,3
"T11","juvenile",3,"long",37,1,42,41.5,0.630618602581219,-17.75,15.35,3
"T11","juvenile",3,"long",38,1,43,42.5,0.621717846016911,-17.76,15.18,3
"T11","juvenile",3,"long",39,1,44,43.5,0.612817089452603,-17.76,15.15,3
"T11","juvenile",3,"long",40,1,45,44.5,0.603916332888295,-17.87,14.71,3
"T11","juvenile",3,"long",41,1,46,45.5,0.595015576323987,-17.99,14.13,3
"T11","juvenile",3,"long",42,1,47,46.5,0.586114819759679,-17.87,14.55,3
"T11","juvenile",3,"long",43,1,48,47.5,0.577214063195372,-17.53,14.89,3
"T11","juvenile",3,"long",44,1,49,48.5,0.568313306631064,-17.4,15.32,3
"T11","juvenile",3,"long",45,1,50,49.5,0.559412550066756,-17.34,16.17,3
"T11","juvenile",3,"long",46,1,51,50.5,0.550511793502448,-17.37,15.87,3
"T11","juvenile",3,"long",47,1,52,51.5,0.54161103693814,-17.5,15.86,3
"T11","juvenile",3,"long",48,1,53,52.5,0.532710280373832,-17.7,15.58,3
"T11","juvenile",3,"long",49,1,54,53.5,0.523809523809524,-17.99,14.51,3
"T11","juvenile",3,"long",50,1,55,54.5,0.514908767245216,-18.26,13.7,3
"T11","juvenile",3,"long",51,1,56,55.5,0.506008010680908,-18.6,12.67,3
"T11","juvenile",3,"long",52,1,57,56.5,0.4971072541166,-18.82,12.12,3
"T11","juvenile",3,"long",53,1,58,57.5,0.488206497552292,-18.99,11.99,3
"T11","juvenile",3,"long",54,1,59,58.5,0.479305740987984,-19.01,11.55,3
"T11","juvenile",3,"long",55,1,60,59.5,0.470404984423676,-19,11.6,3
"T11","juvenile",3,"long",56,1,61,60.5,0.461504227859368,-18.98,11.78,3
"T11","juvenile",3,"long",57,1,62,61.5,0.45260347129506,-18.92,11.74,3
"T11","juvenile",3,"long",58,1,63,62.5,0.443702714730752,-18.92,11.87,3
"T11","juvenile",3,"long",59,1,64,63.5,0.434801958166444,-18.89,11.93,3
"T11","juvenile",3,"long",60,1,65,64.5,0.425901201602136,-18.86,12.02,3
"T11","juvenile",3,"long",61,1,66,65.5,0.417000445037828,-18.85,11.94,3
"T11","juvenile",3,"long",62,1,67,66.5,0.40809968847352,-19.03,12.17,3
"T11","juvenile",3,"long",63,1,68,67.5,0.399198931909212,-19.03,12,3
"T11","juvenile",3,"long",64,1,69,68.5,0.390298175344904,-19.11,11.85,3
"T11","juvenile",3,"long",65,2,71,70,0.376947040498442,-19.02,11.44,3
"T11","juvenile",3,"long",66,2,73,72,0.359145527369826,-19.06,11.56,3
"T11","juvenile",3,"long",67,2,75,74,0.341344014241211,-18.97,11.75,3
"T11","juvenile",3,"long",68,2,77,76,0.323542501112595,-18.72,12.68,3
"T11","juvenile",3,"long",69,2,79,78,0.305740987983979,-18.3,13.81,3
"T11","juvenile",3,"long",70,2,81,80,0.287939474855363,-18.02,14.41,3
"T11","juvenile",3,"long",71,2,83,82,0.270137961726747,-17.91,14.45,3
"T11","juvenile",3,"long",72,2,85,84,0.252336448598131,-18.06,14.14,3
"T11","juvenile",3,"long",73,2,87,86,0.234534935469515,-18.31,13.89,3
"T11","juvenile",3,"long",74,2,89,88,0.216733422340899,-18.31,14.76,3
"T11","juvenile",3,"long",75,2,91,90,0.198931909212283,-18.19,16.57,3
"T11","juvenile",3,"long",76,2,93,92,0.181130396083667,-18.05,17.51,3
"T11","juvenile",3,"long",77,2,95,94,0.163328882955051,-18.06,17.55,3
"T11","juvenile",3,"long",78,2,97,96,0.145527369826435,-18.11,17.63,3
"T11","juvenile",3,"long",79,2,99,98,0.127725856697819,-18.26,17.46,3
"T11","juvenile",3,"long",80,2,101,100,0.109924343569203,-18.22,17.6,3
"T11","juvenile",3,"long",81,4,105,103,0.0832220738762794,-18.2,17.14,3
"T11","juvenile",3,"long",82,4,109,107,0.0476190476190476,-18.22,17,3
"T11","juvenile",3,"long",83,2,111,110,0.0209167779261237,-18.08,16.45,3
"T11","juvenile",3,"long",84,1.35,112.35,111.675,0.00600801068090784,-18.19,16.64,3
"T11","juvenile",3,"short",1,2,2,1,0.989434759640782,-17.94,16.38,3
"T11","juvenile",3,"short",2,1,3,2.5,0.973586899101955,-17.54,16.07,3
"T11","juvenile",3,"short",3,1,4,3.5,0.963021658742736,-17.44,15.89,3
"T11","juvenile",3,"short",4,1,5,4.5,0.952456418383518,-17.47,15.47,3
"T11","juvenile",3,"short",5,1,6,5.5,0.9418911780243,-17.49,15.39,3
"T11","juvenile",3,"short",6,1,7,6.5,0.931325937665082,-17.49,15.35,3
"T11","juvenile",3,"short",7,1,8,7.5,0.920760697305864,-17.47,15.36,3
"T11","juvenile",3,"short",8,1,9,8.5,0.910195456946645,-17.36,15.76,3
"T11","juvenile",3,"short",9,1,10,9.5,0.899630216587427,-17.21,15.82,3
"T11","juvenile",3,"short",10,1,11,10.5,0.889064976228209,-17.02,15.89,3
"T11","juvenile",3,"short",11,1,12,11.5,0.878499735868991,-16.92,16.22,3
"T11","juvenile",3,"short",12,1,13,12.5,0.867934495509773,-16.97,16.76,3
"T11","juvenile",3,"short",13,1,14,13.5,0.857369255150555,-17.11,17.24,3
"T11","juvenile",3,"short",14,1,15,14.5,0.846804014791336,-17.34,17.51,3
"T11","juvenile",3,"short",15,1,16,15.5,0.836238774432118,-17.6,17.92,3
"T11","juvenile",3,"short",16,1,17,16.5,0.8256735340729,-17.75,18.05,3
"T11","juvenile",3,"short",17,1,18,17.5,0.815108293713682,-17.85,17.93,3
"T11","juvenile",3,"short",18,1,19,18.5,0.804543053354464,-17.78,17.39,3
"T11","juvenile",3,"short",19,1,20,19.5,0.793977812995246,-17.76,16.66,3
"T11","juvenile",3,"short",20,1,21,20.5,0.783412572636027,-17.73,16.18,3
"T11","juvenile",3,"short",21,1,22,21.5,0.772847332276809,-17.77,15.78,3
"T11","juvenile",3,"short",22,1,23,22.5,0.762282091917591,-17.72,15.5,3
"T11","juvenile",3,"short",23,1,24,23.5,0.751716851558373,-17.83,15.04,3
"T11","juvenile",3,"short",24,1,25,24.5,0.741151611199155,-18.07,14.9,3
"T11","juvenile",3,"short",25,1,26,25.5,0.730586370839937,-18.27,15,3
"T11","juvenile",3,"short",26,1,27,26.5,0.720021130480718,-18.31,15.11,3
"T11","juvenile",3,"short",27,1,28,27.5,0.7094558901215,-18.24,15.32,3
"T11","juvenile",3,"short",28,1,29,28.5,0.698890649762282,-17.98,15.31,3
"T11","juvenile",3,"short",29,1,30,29.5,0.688325409403064,-17.93,15.41,3
"T11","juvenile",3,"short",30,1,31,30.5,0.677760169043846,-17.82,15.41,3
"T11","juvenile",3,"short",31,1,32,31.5,0.667194928684628,-17.82,15.13,3
"T11","juvenile",3,"short",32,1,33,32.5,0.656629688325409,-17.87,14.67,3
"T11","juvenile",3,"short",33,1,34,33.5,0.646064447966191,-17.94,14.53,3
"T11","juvenile",3,"short",34,1,35,34.5,0.635499207606973,-17.72,14.6,3
"T11","juvenile",3,"short",35,1,36,35.5,0.624933967247755,-17.52,15.21,3
"T11","juvenile",3,"short",36,1,37,36.5,0.614368726888537,-17.38,15.53,3
"T11","juvenile",3,"short",37,1,38,37.5,0.603803486529319,-17.34,15.64,3
"T11","juvenile",3,"short",38,1,39,38.5,0.5932382461701,-17.45,15.99,3
"T11","juvenile",3,"short",39,1,40,39.5,0.582673005810882,-17.7,15.4,3
"T11","juvenile",3,"short",40,1,41,40.5,0.572107765451664,-18.05,14.42,3
"T11","juvenile",3,"short",41,1,42,41.5,0.561542525092446,-18.41,13.2,3
"T11","juvenile",3,"short",42,1,43,42.5,0.550977284733228,-18.72,12.46,3
"T11","juvenile",3,"short",43,1,44,43.5,0.540412044374009,-18.87,11.85,3
"T11","juvenile",3,"short",44,1,45,44.5,0.529846804014791,-18.99,11.51,3
"T11","juvenile",3,"short",45,1,46,45.5,0.519281563655573,-19.07,11.44,3
"T11","juvenile",3,"short",46,1,47,46.5,0.508716323296355,-18.93,11.43,3
"T11","juvenile",3,"short",47,1,48,47.5,0.498151082937137,-19.04,11.65,3
"T11","juvenile",3,"short",48,1,49,48.5,0.487585842577919,-19.09,11.6,3
"T11","juvenile",3,"short",49,1,50,49.5,0.4770206022187,-18.91,11.54,3
"T11","juvenile",3,"short",50,1,51,50.5,0.466455361859482,-18.95,11.59,3
"T11","juvenile",3,"short",51,1,52,51.5,0.455890121500264,-18.93,11.66,3
"T11","juvenile",3,"short",52,1,53,52.5,0.445324881141046,-19.07,11.57,3
"T11","juvenile",3,"short",53,1,54,53.5,0.434759640781828,-19.02,11.37,3
"T11","juvenile",3,"short",54,1,55,54.5,0.42419440042261,-19.05,11.2,3
"T11","juvenile",3,"short",55,1,56,55.5,0.413629160063391,-19.11,11.35,3
"T11","juvenile",3,"short",56,1,57,56.5,0.403063919704173,-19.16,11.42,3
"T11","juvenile",3,"short",57,2,59,58,0.387216059165346,-19.06,11.62,3
"T11","juvenile",3,"short",58,2,61,60,0.36608557844691,-18.66,12.74,3
"T11","juvenile",3,"short",59,2,63,62,0.344955097728473,-18.28,13.91,3
"T11","juvenile",3,"short",60,2,65,64,0.323824617010037,-17.99,14.1,3
"T11","juvenile",3,"short",61,2,67,66,0.302694136291601,-18.16,13.83,3
"T11","juvenile",3,"short",62,2,69,68,0.281563655573164,-18.23,14.45,3
"T11","juvenile",3,"short",63,2,71,70,0.260433174854728,-18.23,16.08,3
"T11","juvenile",3,"short",64,2,73,72,0.239302694136292,-18.08,17.16,3
"T11","juvenile",3,"short",65,2,75,74,0.218172213417855,-18.18,17.16,3
"T11","juvenile",3,"short",66,2,77,76,0.197041732699419,-18.32,16.91,3
"T11","juvenile",3,"short",67,2,79,78,0.175911251980983,-18.3,16.72,3
"T11","juvenile",3,"short",68,2,81,80,0.154780771262546,-18.34,16.43,3
"T11","juvenile",3,"short",69,4,85,83,0.123085050184892,-18.2,16.28,3
"T11","juvenile",3,"short",70,4,89,87,0.0808240887480191,-18.23,15.98,3
"T11","juvenile",3,"short",71,5.65,94.65,91.825,0.0298468040147913,-18.26,16.21,3
"T7","juvenile",4,"long",1,2,2,1,0.990740740740741,-17.95,16.64,4
"T7","juvenile",4,"long",2,2,4,3,0.972222222222222,-17.91,15.28,4
"T7","juvenile",4,"long",3,1,5,4.5,0.958333333333333,-17.84,15.34,4
"T7","juvenile",4,"long",4,1,6,5.5,0.949074074074074,-17.56,15.62,4
"T7","juvenile",4,"long",5,1,7,6.5,0.939814814814815,-17.61,15.92,4
"T7","juvenile",4,"long",6,1,8,7.5,0.930555555555556,-17.14,16.02,4
"T7","juvenile",4,"long",7,1,9,8.5,0.921296296296296,-17.06,16.13,4
"T7","juvenile",4,"long",8,1,10,9.5,0.912037037037037,-17.14,15.78,4
"T7","juvenile",4,"long",9,1,11,10.5,0.902777777777778,-17.24,15.11,4
"T7","juvenile",4,"long",10,1,12,11.5,0.893518518518518,-17.38,14.55,4
"T7","juvenile",4,"long",11,1,13,12.5,0.884259259259259,-17.42,14.04,4
"T7","juvenile",4,"long",12,1,14,13.5,0.875,-17.6,13.75,4
"T7","juvenile",4,"long",13,1,15,14.5,0.865740740740741,-17.69,13.56,4
"T7","juvenile",4,"long",14,1,16,15.5,0.856481481481482,-17.52,14.57,4
"T7","juvenile",4,"long",15,1,17,16.5,0.847222222222222,-17.67,14.97,4
"T7","juvenile",4,"long",16,1,18,17.5,0.837962962962963,-17.67,14.72,4
"T7","juvenile",4,"long",17,1,19,18.5,0.828703703703704,-17.63,14.47,4
"T7","juvenile",4,"long",18,1,20,19.5,0.819444444444444,-17.78,14.66,4
"T7","juvenile",4,"long",19,1,21,20.5,0.810185185185185,-17.8,14.62,4
"T7","juvenile",4,"long",20,1,22,21.5,0.800925925925926,-17.66,14.56,4
"T7","juvenile",4,"long",21,1,23,22.5,0.791666666666667,-17.78,15,4
"T7","juvenile",4,"long",22,1,24,23.5,0.782407407407407,-17.72,15.04,4
"T7","juvenile",4,"long",23,1,25,24.5,0.773148148148148,-17.93,14.53,4
"T7","juvenile",4,"long",24,1,26,25.5,0.763888888888889,-18.1,14.33,4
"T7","juvenile",4,"long",25,1,27,26.5,0.75462962962963,-18.27,14.07,4
"T7","juvenile",4,"long",26,1,28,27.5,0.74537037037037,-18.19,14.49,4
"T7","juvenile",4,"long",27,1,29,28.5,0.736111111111111,-17.99,15.04,4
"T7","juvenile",4,"long",28,2,31,30,0.722222222222222,-17.52,15.62,4
"T7","juvenile",4,"long",29,1,32,31.5,0.708333333333333,-17.36,15.92,4
"T7","juvenile",4,"long",30,1,33,32.5,0.699074074074074,-17.27,15.55,4
"T7","juvenile",4,"long",31,1,34,33.5,0.689814814814815,-17.26,15.42,4
"T7","juvenile",4,"long",32,1,35,34.5,0.680555555555556,-17.55,14.8,4
"T7","juvenile",4,"long",33,1,36,35.5,0.671296296296296,-17.74,14.35,4
"T7","juvenile",4,"long",34,1,37,36.5,0.662037037037037,-17.9,13.84,4
"T7","juvenile",4,"long",35,1,38,37.5,0.652777777777778,-18.11,13.35,4
"T7","juvenile",4,"long",36,1,39,38.5,0.643518518518519,-18.23,13.26,4
"T7","juvenile",4,"long",37,1,40,39.5,0.634259259259259,-18.1,13.56,4
"T7","juvenile",4,"long",38,1,41,40.5,0.625,-17.93,13.71,4
"T7","juvenile",4,"long",39,1,42,41.5,0.615740740740741,-17.63,14.16,4
"T7","juvenile",4,"long",40,1,43,42.5,0.606481481481481,-17.46,14.2,4
"T7","juvenile",4,"long",41,1,44,43.5,0.597222222222222,-17.35,13.99,4
"T7","juvenile",4,"long",42,1,45,44.5,0.587962962962963,-17.35,14.22,4
"T7","juvenile",4,"long",43,1,46,45.5,0.578703703703704,-17.32,14.19,4
"T7","juvenile",4,"long",44,1,47,46.5,0.569444444444444,-17.33,14.11,4
"T7","juvenile",4,"long",45,1,48,47.5,0.560185185185185,-17.39,14.31,4
"T7","juvenile",4,"long",46,1,49,48.5,0.550925925925926,-17.43,14.49,4
"T7","juvenile",4,"long",47,1,50,49.5,0.541666666666667,-17.42,14.65,4
"T7","juvenile",4,"long",48,1,51,50.5,0.532407407407407,-17.49,14.84,4
"T7","juvenile",4,"long",49,1,52,51.5,0.523148148148148,-17.57,14.67,4
"T7","juvenile",4,"long",50,1,53,52.5,0.513888888888889,-17.72,14.48,4
"T7","juvenile",4,"long",51,1,54,53.5,0.50462962962963,-17.76,14.33,4
"T7","juvenile",4,"long",52,1,55,54.5,0.49537037037037,-17.62,14.39,4
"T7","juvenile",4,"long",53,1,56,55.5,0.486111111111111,-17.69,14.35,4
"T7","juvenile",4,"long",54,1,57,56.5,0.476851851851852,-17.79,14.47,4
"T7","juvenile",4,"long",55,1,58,57.5,0.467592592592593,-17.78,14.6,4
"T7","juvenile",4,"long",56,1,59,58.5,0.458333333333333,-17.77,14.94,4
"T7","juvenile",4,"long",57,1,60,59.5,0.449074074074074,-17.58,15.02,4
"T7","juvenile",4,"long",58,1,61,60.5,0.439814814814815,-17.48,15.04,4
"T7","juvenile",4,"long",59,1,62,61.5,0.430555555555556,-17.45,15.11,4
"T7","juvenile",4,"long",60,1,63,62.5,0.421296296296296,-17.43,15.15,4
"T7","juvenile",4,"long",61,1,64,63.5,0.412037037037037,-17.21,15.21,4
"T7","juvenile",4,"long",62,2,66,65,0.398148148148148,-17.15,15.37,4
"T7","juvenile",4,"long",63,2,68,67,0.37962962962963,-17.37,14.9,4
"T7","juvenile",4,"long",64,2,70,69,0.361111111111111,-17.66,14.34,4
"T7","juvenile",4,"long",65,2,72,71,0.342592592592593,-17.93,13.96,4
"T7","juvenile",4,"long",66,2,74,73,0.324074074074074,-18.06,13.54,4
"T7","juvenile",4,"long",67,2,76,75,0.305555555555556,-18.26,13.08,4
"T7","juvenile",4,"long",68,2,78,77,0.287037037037037,-18.28,13.02,4
"T7","juvenile",4,"long",69,2,80,79,0.268518518518518,-18.33,13.1,4
"T7","juvenile",4,"long",70,2,82,81,0.25,-18.33,13.34,4
"T7","juvenile",4,"long",71,2,84,83,0.231481481481482,-18.29,13.52,4
"T7","juvenile",4,"long",72,2,86,85,0.212962962962963,-18.37,13.58,4
"T7","juvenile",4,"long",73,2,88,87,0.194444444444444,-18.52,13.52,4
"T7","juvenile",4,"long",74,2,90,89,0.175925925925926,-18.56,13.54,4
"T7","juvenile",4,"long",75,2,92,91,0.157407407407407,-18.53,13.48,4
"T7","juvenile",4,"long",76,2,94,93,0.138888888888889,-18.67,13.63,4
"T7","juvenile",4,"long",77,2,96,95,0.12037037037037,-18.65,14.2,4
"T7","juvenile",4,"long",78,2,98,97,0.101851851851852,-18.22,14.98,4
"T7","juvenile",4,"long",79,3,101,99.5,0.0787037037037037,-17.99,15.85,4
"T7","juvenile",4,"long",80,4,105,103,0.0462962962962963,-17.38,16.61,4
"T7","juvenile",4,"long",81,3,108,106.5,0.0138888888888888,-17.38,17,4
"T7","juvenile",4,"short",1,1,1,0.5,0.994121796379027,-17.55,16.01,4
"T7","juvenile",4,"short",2,0.5,1.5,1.25,0.985304490947566,-17.36,16.23,4
"T7","juvenile",4,"short",3,0.5,2,1.75,0.979426287326593,-17.23,16.06,4
"T7","juvenile",4,"short",4,1,3,2.5,0.970608981895133,-17.29,15.67,4
"T7","juvenile",4,"short",5,1,4,3.5,0.958852574653186,-17.31,15.15,4
"T7","juvenile",4,"short",6,1,5,4.5,0.947096167411239,-17.38,14.92,4
"T7","juvenile",4,"short",7,1,6,5.5,0.935339760169292,-17.47,14.44,4
"T7","juvenile",4,"short",8,1,7,6.5,0.923583352927345,-17.48,14.68,4
"T7","juvenile",4,"short",9,1,8,7.5,0.911826945685399,-17.6,14.68,4
"T7","juvenile",4,"short",10,1,9,8.5,0.900070538443452,-17.73,14.6,4
"T7","juvenile",4,"short",11,1,10,9.5,0.888314131201505,-17.77,14.81,4
"T7","juvenile",4,"short",12,1,11,10.5,0.876557723959558,-17.77,14.79,4
"T7","juvenile",4,"short",13,1,12,11.5,0.864801316717611,-17.77,15,4
"T7","juvenile",4,"short",14,1,13,12.5,0.853044909475664,-17.85,15.02,4
"T7","juvenile",4,"short",15,1,14,13.5,0.841288502233717,-18.03,14.75,4
"T7","juvenile",4,"short",16,1,15,14.5,0.82953209499177,-18.08,14.57,4
"T7","juvenile",4,"short",17,1,16,15.5,0.817775687749824,-17.97,14.89,4
"T7","juvenile",4,"short",18,1,17,16.5,0.806019280507877,-17.83,15.27,4
"T7","juvenile",4,"short",19,1,18,17.5,0.79426287326593,-17.7,15.53,4
"T7","juvenile",4,"short",20,1,19,18.5,0.782506466023983,-17.64,15.59,4
"T7","juvenile",4,"short",21,1,20,19.5,0.770750058782036,-17.54,15.56,4
"T7","juvenile",4,"short",22,1,21,20.5,0.758993651540089,-17.57,15.43,4
"T7","juvenile",4,"short",23,1,22,21.5,0.747237244298143,-17.67,14.94,4
"T7","juvenile",4,"short",24,1,23,22.5,0.735480837056196,-17.82,14.59,4
"T7","juvenile",4,"short",25,1,24,23.5,0.723724429814249,-17.95,14.26,4
"T7","juvenile",4,"short",26,1,25,24.5,0.711968022572302,-18.06,14.02,4
"T7","juvenile",4,"short",27,1,26,25.5,0.700211615330355,-17.89,14.06,4
"T7","juvenile",4,"short",28,1,27,26.5,0.688455208088408,-17.89,13.94,4
"T7","juvenile",4,"short",29,1,28,27.5,0.676698800846461,-17.76,14.2,4
"T7","juvenile",4,"short",30,1,29,28.5,0.664942393604514,-17.6,14.23,4
"T7","juvenile",4,"short",31,1,30,29.5,0.653185986362568,-17.6,14.45,4
"T7","juvenile",4,"short",32,1,31,30.5,0.641429579120621,-17.63,14.78,4
"T7","juvenile",4,"short",33,1,32,31.5,0.629673171878674,-17.74,14.76,4
"T7","juvenile",4,"short",34,1,33,32.5,0.617916764636727,-17.75,14.74,4
"T7","juvenile",4,"short",35,1,34,33.5,0.60616035739478,-17.82,14.71,4
"T7","juvenile",4,"short",36,1,35,34.5,0.594403950152833,-17.93,14.77,4
"T7","juvenile",4,"short",37,1,36,35.5,0.582647542910886,-17.85,14.89,4
"T7","juvenile",4,"short",38,1,37,36.5,0.57089113566894,-17.8,15.04,4
"T7","juvenile",4,"short",39,1,38,37.5,0.559134728426993,-17.76,15.16,4
"T7","juvenile",4,"short",40,1,39,38.5,0.547378321185046,-17.59,15.27,4
"T7","juvenile",4,"short",41,1,40,39.5,0.535621913943099,-17.43,15.26,4
"T7","juvenile",4,"short",42,1,41,40.5,0.523865506701152,-17.6,15.02,4
"T7","juvenile",4,"short",43,1,42,41.5,0.512109099459205,-17.57,14.82,4
"T7","juvenile",4,"short",44,1,43,42.5,0.500352692217258,-17.71,14.73,4
"T7","juvenile",4,"short",45,1,44,43.5,0.488596284975312,-17.84,14.47,4
"T7","juvenile",4,"short",46,1,45,44.5,0.476839877733365,-18.02,14.03,4
"T7","juvenile",4,"short",47,1,46,45.5,0.465083470491418,-18.26,13.64,4
"T7","juvenile",4,"short",48,1,47,46.5,0.453327063249471,-18.31,13.38,4
"T7","juvenile",4,"short",49,1,48,47.5,0.441570656007524,-18.39,13.38,4
"T7","juvenile",4,"short",50,1,49,48.5,0.429814248765577,-18.39,13.25,4
"T7","juvenile",4,"short",51,1,50,49.5,0.41805784152363,-18.38,13.39,4
"T7","juvenile",4,"short",52,1,51,50.5,0.406301434281684,-18.44,13.59,4
"T7","juvenile",4,"short",53,1,52,51.5,0.394545027039737,-18.5,13.65,4
"T7","juvenile",4,"short",54,1,53,52.5,0.38278861979779,-18.46,13.72,4
"T7","juvenile",4,"short",55,1,54,53.5,0.371032212555843,-18.51,13.73,4
"T7","juvenile",4,"short",56,1,55,54.5,0.359275805313896,-18.53,13.78,4
"T7","juvenile",4,"short",57,1,56,55.5,0.347519398071949,-18.57,13.84,4
"T7","juvenile",4,"short",58,1,57,56.5,0.335762990830002,-18.58,13.63,4
"T7","juvenile",4,"short",59,2,59,58,0.318128379967082,-18.67,13.66,4
"T7","juvenile",4,"short",60,2,61,60,0.294615565483188,-18.49,14.22,4
"T7","juvenile",4,"short",61,2,63,62,0.271102750999295,-18.24,15.28,4
"T7","juvenile",4,"short",62,2,65,64,0.247589936515401,-17.9,15.97,4
"T7","juvenile",4,"short",63,2,67,66,0.224077122031507,-17.56,16.54,4
"T7","juvenile",4,"short",64,2,69,68,0.200564307547613,-17.25,16.77,4
"T7","juvenile",4,"short",65,2,71,70,0.17705149306372,-17.33,16.98,4
"T7","juvenile",4,"short",66,2,73,72,0.153538678579826,-17.32,16.36,4
"T7","juvenile",4,"short",67,2,75,74,0.130025864095932,-17.68,15.1,4
"T7","juvenile",4,"short",68,2,77,76,0.106513049612039,-17.8,16.39,4
"T7","juvenile",4,"short",69,2,79,78,0.0830002351281449,-17.97,19.63,4
"T7","juvenile",4,"short",70,3,82,80.5,0.0536092170232777,-18.02,20.17,4
"T7","juvenile",4,"short",71,3.06,85.06,83.53,0.0179873030801787,-17.7,19.91,4
"T17","juvenile",2,"long",1,2,2,1,0.990740740740741,-18.32,14.99,2
"T17","juvenile",2,"long",2,2,4,3,0.972222222222222,-18.14,14.98,2
"T17","juvenile",2,"long",3,2,6,5,0.953703703703704,-18.07,15.21,2
"T17","juvenile",2,"long",4,1,7,6.5,0.939814814814815,-17.91,15.34,2
"T17","juvenile",2,"long",5,1,8,7.5,0.930555555555556,-17.75,15.91,2
"T17","juvenile",2,"long",6,1,9,8.5,0.921296296296296,-17.6,16.27,2
"T17","juvenile",2,"long",7,1,10,9.5,0.912037037037037,-17.37,16.59,2
"T17","juvenile",2,"long",8,1,11,10.5,0.902777777777778,-17.3,16.78,2
"T17","juvenile",2,"long",9,1,12,11.5,0.893518518518518,-17.14,16.87,2
"T17","juvenile",2,"long",10,1,13,12.5,0.884259259259259,-17.02,16.99,2
"T17","juvenile",2,"long",11,1,14,13.5,0.875,-16.86,16.88,2
"T17","juvenile",2,"long",12,1,15,14.5,0.865740740740741,-16.89,16.57,2
"T17","juvenile",2,"long",13,1,16,15.5,0.856481481481482,-17,16.05,2
"T17","juvenile",2,"long",14,1,17,16.5,0.847222222222222,-17.14,15.8,2
"T17","juvenile",2,"long",15,1,18,17.5,0.837962962962963,-17.2,15.42,2
"T17","juvenile",2,"long",16,1,19,18.5,0.828703703703704,-17.3,15.17,2
"T17","juvenile",2,"long",17,1,20,19.5,0.819444444444444,-17.55,14.98,2
"T17","juvenile",2,"long",18,1,21,20.5,0.810185185185185,-17.6,15.5,2
"T17","juvenile",2,"long",19,1,22,21.5,0.800925925925926,-17.64,16.1,2
"T17","juvenile",2,"long",20,1,23,22.5,0.791666666666667,-17.7,16.55,2
"T17","juvenile",2,"long",21,1,24,23.5,0.782407407407407,-17.7,16.34,2
"T17","juvenile",2,"long",22,1,25,24.5,0.773148148148148,-17.75,15.79,2
"T17","juvenile",2,"long",23,1,26,25.5,0.763888888888889,-17.93,15.15,2
"T17","juvenile",2,"long",24,1,27,26.5,0.75462962962963,-18.13,14.28,2
"T17","juvenile",2,"long",25,1,28,27.5,0.74537037037037,-18.43,13.5,2
"T17","juvenile",2,"long",26,1,29,28.5,0.736111111111111,-18.63,12.95,2
"T17","juvenile",2,"long",27,1,30,29.5,0.726851851851852,-18.78,12.49,2
"T17","juvenile",2,"long",28,1,31,30.5,0.717592592592593,-18.84,12.3,2
"T17","juvenile",2,"long",29,1,32,31.5,0.708333333333333,-18.8,12.23,2
"T17","juvenile",2,"long",30,1,33,32.5,0.699074074074074,-18.8,12.22,2
"T17","juvenile",2,"long",31,1,34,33.5,0.689814814814815,-18.78,12.23,2
"T17","juvenile",2,"long",32,1,35,34.5,0.680555555555556,-18.66,12.25,2
"T17","juvenile",2,"long",33,1,36,35.5,0.671296296296296,-18.56,12.33,2
"T17","juvenile",2,"long",34,1,37,36.5,0.662037037037037,-18.34,12.46,2
"T17","juvenile",2,"long",35,1,38,37.5,0.652777777777778,-18.35,12.63,2
"T17","juvenile",2,"long",36,1,39,38.5,0.643518518518519,-18.3,12.82,2
"T17","juvenile",2,"long",37,1,40,39.5,0.634259259259259,-18.16,13.08,2
"T17","juvenile",2,"long",38,1,41,40.5,0.625,-18.06,13.66,2
"T17","juvenile",2,"long",39,1,42,41.5,0.615740740740741,-18.09,13.85,2
"T17","juvenile",2,"long",40,1,43,42.5,0.606481481481481,-18.03,13.96,2
"T17","juvenile",2,"long",41,1,44,43.5,0.597222222222222,-17.93,14.3,2
"T17","juvenile",2,"long",42,1,45,44.5,0.587962962962963,-17.84,14.39,2
"T17","juvenile",2,"long",43,1,46,45.5,0.578703703703704,-17.77,14.67,2
"T17","juvenile",2,"long",44,1,47,46.5,0.569444444444444,-17.85,14.76,2
"T17","juvenile",2,"long",45,1,48,47.5,0.560185185185185,-17.7,14.76,2
"T17","juvenile",2,"long",46,1,49,48.5,0.550925925925926,-17.69,14.75,2
"T17","juvenile",2,"long",47,1,50,49.5,0.541666666666667,-17.65,14.91,2
"T17","juvenile",2,"long",48,1,51,50.5,0.532407407407407,-17.65,14.73,2
"T17","juvenile",2,"long",49,1,52,51.5,0.523148148148148,-17.69,14.73,2
"T17","juvenile",2,"long",50,2,54,53,0.509259259259259,-17.9,14.59,2
"T17","juvenile",2,"long",51,2,56,55,0.490740740740741,-18,14.55,2
"T17","juvenile",2,"long",52,2,58,57,0.472222222222222,-18.03,14.32,2
"T17","juvenile",2,"long",53,2,60,59,0.453703703703704,-17.97,14.37,2
"T17","juvenile",2,"long",54,2,62,61,0.435185185185185,-17.79,15.72,2
"T17","juvenile",2,"long",55,2,64,63,0.416666666666667,-17.57,17.41,2
"T17","juvenile",2,"long",56,2,66,65,0.398148148148148,-17.47,19.15,2
"T17","juvenile",2,"long",57,2,68,67,0.37962962962963,-17.46,19.93,2
"T17","juvenile",2,"long",58,2,70,69,0.361111111111111,-17.56,20.15,2
"T17","juvenile",2,"long",59,2,72,71,0.342592592592593,-17.46,19.8,2
"T17","juvenile",2,"long",60,2,74,73,0.324074074074074,-17.28,19.51,2
"T17","juvenile",2,"long",61,2,76,75,0.305555555555556,-17.17,19,2
"T17","juvenile",2,"long",62,2,78,77,0.287037037037037,-16.98,18.69,2
"T17","juvenile",2,"long",63,2,80,79,0.268518518518518,-16.91,18.53,2
"T17","juvenile",2,"long",64,2,82,81,0.25,-16.87,18.48,2
"T17","juvenile",2,"long",65,4,86,84,0.222222222222222,-17.03,18.3,2
"T17","juvenile",2,"long",66,5,91,88.5,0.180555555555556,-17.09,18.32,2
"T17","juvenile",2,"long",67,6,97,94,0.12962962962963,-17.06,18.15,2
"T17","juvenile",2,"long",68,11,108,102.5,0.0509259259259259,-17.03,16.85,2
"T32","juvenile",4,"long",1,2,2,1,0.993939393939394,-18.07,17.93,4
"T32","juvenile",4,"long",2,2,4,3,0.981818181818182,-17.79,17.8,4
"T32","juvenile",4,"long",3,1,5,4.5,0.972727272727273,-17.72,17.72,4
"T32","juvenile",4,"long",4,1,6,5.5,0.966666666666667,-17.78,17.38,4
"T32","juvenile",4,"long",5,1,7,6.5,0.960606060606061,-17.75,17.03,4
"T32","juvenile",4,"long",6,1,8,7.5,0.954545454545455,-17.82,16.61,4
"T32","juvenile",4,"long",7,1,9,8.5,0.948484848484848,-17.94,16.22,4
"T32","juvenile",4,"long",8,1,10,9.5,0.942424242424242,-17.95,15.99,4
"T32","juvenile",4,"long",9,1,11,10.5,0.936363636363636,-17.71,15.95,4
"T32","juvenile",4,"long",10,0.5,11.5,11.25,0.931818181818182,-17.46,16.12,4
"T32","juvenile",4,"long",11,0.5,12,11.75,0.928787878787879,-17.46,16.12,4
"T32","juvenile",4,"long",12,1,13,12.5,0.924242424242424,-17.36,16.21,4
"T32","juvenile",4,"long",13,1,14,13.5,0.918181818181818,-17.22,16.4,4
"T32","juvenile",4,"long",14,1,15,14.5,0.912121212121212,-17.11,16.5,4
"T32","juvenile",4,"long",15,1,16,15.5,0.906060606060606,-17.01,16.64,4
"T32","juvenile",4,"long",16,1,17,16.5,0.9,-16.92,16.67,4
"T32","juvenile",4,"long",17,1,18,17.5,0.893939393939394,-16.76,16.84,4
"T32","juvenile",4,"long",18,1,19,18.5,0.887878787878788,-16.72,16.87,4
"T32","juvenile",4,"long",19,1,20,19.5,0.881818181818182,-16.72,16.85,4
"T32","juvenile",4,"long",20,1,21,20.5,0.875757575757576,-16.63,16.87,4
"T32","juvenile",4,"long",21,1,22,21.5,0.86969696969697,-16.61,16.74,4
"T32","juvenile",4,"long",22,1,23,22.5,0.863636363636364,-16.56,16.73,4
"T32","juvenile",4,"long",23,1,24,23.5,0.857575757575758,-16.59,16.68,4
"T32","juvenile",4,"long",24,1,25,24.5,0.851515151515152,-16.68,16.53,4
"T32","juvenile",4,"long",25,1,26,25.5,0.845454545454545,-16.62,16.52,4
"T32","juvenile",4,"long",26,1,27,26.5,0.839393939393939,-17.04,16.29,4
"T32","juvenile",4,"long",27,1,28,27.5,0.833333333333333,-16.88,16.35,4
"T32","juvenile",4,"long",28,1,29,28.5,0.827272727272727,-16.99,16.22,4
"T32","juvenile",4,"long",29,1,30,29.5,0.821212121212121,-17.13,15.9,4
"T32","juvenile",4,"long",30,1,31,30.5,0.815151515151515,-17.24,15.72,4
"T32","juvenile",4,"long",31,1,32,31.5,0.809090909090909,-17.41,15.63,4
"T32","juvenile",4,"long",32,1,33,32.5,0.803030303030303,-17.35,16,4
"T32","juvenile",4,"long",33,1,34,33.5,0.796969696969697,-17.53,16.25,4
"T32","juvenile",4,"long",34,1,35,34.5,0.790909090909091,-17.24,16.96,4
"T32","juvenile",4,"long",35,1,36,35.5,0.784848484848485,-17.2,17.52,4
"T32","juvenile",4,"long",36,1,37,36.5,0.778787878787879,-17.27,18.09,4
"T32","juvenile",4,"long",37,1,38,37.5,0.772727272727273,-17.22,18.34,4
"T32","juvenile",4,"long",38,1,39,38.5,0.766666666666667,-17.46,18.53,4
"T32","juvenile",4,"long",39,1,40,39.5,0.760606060606061,-17.35,18.79,4
"T32","juvenile",4,"long",40,1,41,40.5,0.754545454545455,-17.35,18.74,4
"T32","juvenile",4,"long",41,1,42,41.5,0.748484848484849,-17.39,18.71,4
"T32","juvenile",4,"long",42,1,43,42.5,0.742424242424242,-17.34,18.72,4
"T32","juvenile",4,"long",43,1,44,43.5,0.736363636363636,-17.36,18.7,4
"T32","juvenile",4,"long",44,1,45,44.5,0.73030303030303,-17.39,18.61,4
"T32","juvenile",4,"long",45,1,46,45.5,0.724242424242424,-17.47,18.32,4
"T32","juvenile",4,"long",46,1,47,46.5,0.718181818181818,-17.59,17.66,4
"T32","juvenile",4,"long",47,1,48,47.5,0.712121212121212,-17.71,17.13,4
"T32","juvenile",4,"long",48,1,49,48.5,0.706060606060606,-17.74,16.49,4
"T32","juvenile",4,"long",49,1,50,49.5,0.7,-17.83,16.2,4
"T32","juvenile",4,"long",50,1,51,50.5,0.693939393939394,-17.96,15.68,4
"T32","juvenile",4,"long",51,1,52,51.5,0.687878787878788,-18.09,15.28,4
"T32","juvenile",4,"long",52,1,53,52.5,0.681818181818182,-18.17,15.09,4
"T32","juvenile",4,"long",53,1,54,53.5,0.675757575757576,-18.13,14.9,4
"T32","juvenile",4,"long",54,1,55,54.5,0.66969696969697,-18.11,14.98,4
"T32","juvenile",4,"long",55,1,56,55.5,0.663636363636364,-18.07,14.9,4
"T32","juvenile",4,"long",56,1,57,56.5,0.657575757575758,-17.9,14.91,4
"T32","juvenile",4,"long",57,1,58,57.5,0.651515151515151,-17.85,15,4
"T32","juvenile",4,"long",58,1,59,58.5,0.645454545454546,-17.75,14.97,4
"T32","juvenile",4,"long",59,1,60,59.5,0.639393939393939,-17.66,15.05,4
"T32","juvenile",4,"long",60,1,61,60.5,0.633333333333333,-17.58,15.02,4
"T32","juvenile",4,"long",61,1,62,61.5,0.627272727272727,-17.61,14.99,4
"T32","juvenile",4,"long",62,1,63,62.5,0.621212121212121,-17.52,14.9,4
"T32","juvenile",4,"long",63,1,64,63.5,0.615151515151515,-17.49,15,4
"T32","juvenile",4,"long",64,1,65,64.5,0.609090909090909,-17.53,15.15,4
"T32","juvenile",4,"long",65,1,66,65.5,0.603030303030303,-17.39,15.18,4
"T32","juvenile",4,"long",66,1,67,66.5,0.596969696969697,-17.38,15.2,4
"T32","juvenile",4,"long",67,1,68,67.5,0.590909090909091,-17.44,15.33,4
"T32","juvenile",4,"long",68,1,69,68.5,0.584848484848485,-17.56,15.31,4
"T32","juvenile",4,"long",69,1,70,69.5,0.578787878787879,-17.56,15.28,4
"T32","juvenile",4,"long",70,1,71,70.5,0.572727272727273,-17.65,15.2,4
"T32","juvenile",4,"long",71,1,72,71.5,0.566666666666667,-17.75,15.07,4
"T32","juvenile",4,"long",72,1,73,72.5,0.560606060606061,-17.84,15.36,4
"T32","juvenile",4,"long",73,1,74,73.5,0.554545454545455,-17.82,15.89,4
"T32","juvenile",4,"long",74,1,75,74.5,0.548484848484848,-17.81,16.43,4
"T32","juvenile",4,"long",75,1,76,75.5,0.542424242424242,-17.81,17.02,4
"T32","juvenile",4,"long",76,1,77,76.5,0.536363636363636,-17.76,17.5,4
"T32","juvenile",4,"long",77,1,78,77.5,0.53030303030303,-18.19,18.08,4
"T32","juvenile",4,"long",78,1,79,78.5,0.524242424242424,-17.81,18.4,4
"T32","juvenile",4,"long",79,1,80,79.5,0.518181818181818,-17.84,18.64,4
"T32","juvenile",4,"long",80,1,81,80.5,0.512121212121212,-17.63,18.71,4
"T32","juvenile",4,"long",81,1,82,81.5,0.506060606060606,-17.62,18.77,4
"T32","juvenile",4,"long",82,1,83,82.5,0.5,-17.49,18.71,4
"T32","juvenile",4,"long",83,1,84,83.5,0.493939393939394,-17.46,18.49,4
"T32","juvenile",4,"long",84,1,85,84.5,0.487878787878788,-17.38,18.27,4
"T32","juvenile",4,"long",85,1,86,85.5,0.481818181818182,-17.38,17.99,4
"T32","juvenile",4,"long",86,1,87,86.5,0.475757575757576,-17.29,17.48,4
"T32","juvenile",4,"long",87,1,88,87.5,0.46969696969697,-17.39,16.83,4
"T32","juvenile",4,"long",88,1,89,88.5,0.463636363636364,-17.62,16.09,4
"T32","juvenile",4,"long",89,1,90,89.5,0.457575757575758,-17.65,15.62,4
"T32","juvenile",4,"long",90,1,91,90.5,0.451515151515152,-17.9,14.87,4
"T32","juvenile",4,"long",91,1,92,91.5,0.445454545454545,-18.16,14.46,4
"T32","juvenile",4,"long",92,1,93,92.5,0.439393939393939,-18.31,14.08,4
"T32","juvenile",4,"long",93,1,94,93.5,0.433333333333333,-18.4,13.92,4
"T32","juvenile",4,"long",94,2,96,95,0.424242424242424,-18.49,14.01,4
"T32","juvenile",4,"long",95,1,97,96.5,0.415151515151515,-18.44,14.2,4
"T32","juvenile",4,"long",96,1,98,97.5,0.409090909090909,-18.32,14.44,4
"T32","juvenile",4,"long",97,1,99,98.5,0.403030303030303,-18.18,14.48,4
"T32","juvenile",4,"long",98,1,100,99.5,0.396969696969697,-17.99,14.71,4
"T32","juvenile",4,"long",99,1,101,100.5,0.390909090909091,-17.58,15.07,4
"T32","juvenile",4,"long",100,1,102,101.5,0.384848484848485,-17.04,15.32,4
"T32","juvenile",4,"long",101,1,103,102.5,0.378787878787879,-16.7,15.81,4
"T32","juvenile",4,"long",102,1,104,103.5,0.372727272727273,-16.55,15.93,4
"T32","juvenile",4,"long",103,1,105,104.5,0.366666666666667,-16.43,16.09,4
"T32","juvenile",4,"long",104,1,106,105.5,0.360606060606061,-16.44,16.24,4
"T32","juvenile",4,"long",105,1,107,106.5,0.354545454545454,-16.63,16.23,4
"T32","juvenile",4,"long",106,1,108,107.5,0.348484848484849,-16.89,15.87,4
"T32","juvenile",4,"long",107,1,109,108.5,0.342424242424242,-17.05,15.63,4
"T32","juvenile",4,"long",108,1,110,109.5,0.336363636363636,-17.41,15.15,4
"T32","juvenile",4,"long",109,1,111,110.5,0.33030303030303,-17.72,14.79,4
"T32","juvenile",4,"long",110,1,112,111.5,0.324242424242424,-17.97,14.42,4
"T32","juvenile",4,"long",111,1,113,112.5,0.318181818181818,-18.08,14.32,4
"T32","juvenile",4,"long",112,1,114,113.5,0.312121212121212,-18.17,14.13,4
"T32","juvenile",4,"long",113,3,117,115.5,0.3,-18.53,13.65,4
"T32","juvenile",4,"long",114,2,119,118,0.284848484848485,-18.66,13.35,4
"T32","juvenile",4,"long",115,2,121,120,0.272727272727273,-18.8,13.22,4
"T32","juvenile",4,"long",116,2,123,122,0.260606060606061,-18.87,13.22,4
"T32","juvenile",4,"long",117,2,125,124,0.248484848484849,-18.88,13.25,4
"T32","juvenile",4,"long",118,2,127,126,0.236363636363636,-18.87,13.21,4
"T32","juvenile",4,"long",119,2,129,128,0.224242424242424,-18.64,13.56,4
"T32","juvenile",4,"long",120,2,131,130,0.212121212121212,-18.23,14.49,4
"T32","juvenile",4,"long",121,2,133,132,0.2,-17.89,15.57,4
"T32","juvenile",4,"long",122,2,135,134,0.187878787878788,-17.86,15.99,4
"T32","juvenile",4,"long",123,2,137,136,0.175757575757576,-17.98,16.01,4
"T32","juvenile",4,"long",124,2,139,138,0.163636363636364,-17.85,16.46,4
"T32","juvenile",4,"long",125,2,141,140,0.151515151515151,-17.77,16.7,4
"T32","juvenile",4,"long",126,2,143,142,0.139393939393939,-17.63,16.85,4
"T32","juvenile",4,"long",127,2,145,144,0.127272727272727,-17.57,16.49,4
"T32","juvenile",4,"long",128,2,147,146,0.115151515151515,-17.71,15.69,4
"T32","juvenile",4,"long",129,2,149,148,0.103030303030303,-17.59,16.41,4
"T32","juvenile",4,"long",130,2,151,150,0.0909090909090909,-17.25,18.47,4
"T32","juvenile",4,"long",131,2,153,152,0.0787878787878787,-17.37,19.67,4
"T32","juvenile",4,"long",132,2,155,154,0.0666666666666667,-17.47,19.65,4
"T32","juvenile",4,"long",133,4,159,157,0.0484848484848485,-17.26,18.86,4
"T32","juvenile",4,"long",134,6,165,162,0.0181818181818182,-17.03,17.68,4
"9.2","pup",0.243835616,"re-run",1,4.19,4.19,2.095,0.970935072142064,-18.28,18.31,0
"9.2","pup",0.243835616,"re-run",2,1.35,5.54,4.865,0.932505549389567,-18.13,18.47,0
"9.2","pup",0.243835616,"re-run",3,1.41,6.95,6.245,0.913360155382908,-18.16,18.42,0
"9.2","pup",0.243835616,"re-run",4,1.98,8.93,7.94,0.88984461709212,-18.19,18.39,0
"9.2","pup",0.243835616,"re-run",5,1.73,10.66,9.795,0.864109322974473,-18.22,18.31,0
"9.2","pup",0.243835616,"re-run",6,2.19,12.85,11.755,0.83691731409545,-18.23,18.27,0
"9.2","pup",0.243835616,"re-run",7,0.83,13.68,13.265,0.815968368479467,-18.3,18.1,0
"9.2","pup",0.243835616,"re-run",8,1.48,15.16,14.42,0.799944506104329,-18.37,18.11,0
"9.2","pup",0.243835616,"re-run",9,1.11,16.27,15.715,0.781978357380688,-18.33,18.15,0
"9.2","pup",0.243835616,"re-run",10,1.79,18.06,17.165,0.761861820199778,-18.36,18.1,0
"9.2","pup",0.243835616,"re-run",11,0.94,19,18.53,0.742924528301887,-18.06,17.73,0
"9.2","pup",0.243835616,"re-run",12,1.47,20.47,19.735,0.726206992230855,-18.4,18,0
"9.2","pup",0.243835616,"re-run",13,1.14,21.61,21.04,0.708102108768035,-18.39,18.04,0
"9.2","pup",0.243835616,"re-run",14,1.84,23.45,22.53,0.687430632630411,-18.38,18.11,0
"9.2","pup",0.243835616,"re-run",15,1.88,25.33,24.39,0.661625971143174,-18.37,17.91,0
"9.2","pup",0.243835616,"re-run",16,1.93,27.26,26.295,0.635197003329634,-18.32,17.9,0
"9.2","pup",0.243835616,"re-run",17,2.11,29.37,28.315,0.607172586015538,-18.36,17.84,0
"9.2","pup",0.243835616,"re-run",18,3.16,32.53,30.95,0.570615982241953,-18.33,17.97,0
"9.2","pup",0.243835616,"re-run",19,2.18,34.71,33.62,0.533573806881243,-18.16,17.54,0
"9.2","pup",0.243835616,"re-run",20,1.88,36.59,35.65,0.505410654827969,-18.36,16.82,0
"9.2","pup",0.243835616,"re-run",21,2.37,38.96,37.775,0.475929522752497,-18.68,16.22,0
"9.2","pup",0.243835616,"re-run",22,2.1,41.06,40.01,0.44492230854606,-18.82,16.36,0
"9.2","pup",0.243835616,"re-run",23,2.46,43.52,42.29,0.413290788013318,-18.93,16.68,0
"9.2","pup",0.243835616,"re-run",24,3.23,46.75,45.135,0.373820754716981,-18.24,17.99,0
"9.2","pup",0.243835616,"re-run",25,3.38,50.13,48.44,0.327968923418424,-17.69,18.92,0
"9.2","pup",0.243835616,"re-run",26,4.41,54.54,52.335,0.273931742508324,-17.87,18.92,0
"9.2","pup",0.243835616,"re-run",27,4.73,59.27,56.905,0.210529966703663,-17.91,18.61,0
"9.2","pup",0.243835616,"re-run",28,12.81,72.08,65.675,0.0888596004439511,-17.69,18.45,0
"26.2","pup",0.279452055,"re-run",1,2.99,2.99,1.495,0.98030303030303,-18.13,19.36,0
"26.2","pup",0.279452055,"re-run",2,2.13,5.12,4.055,0.946574440052701,-17.82,19.23,0
"26.2","pup",0.279452055,"re-run",3,0.98,6.1,5.61,0.926086956521739,-17.81,19.12,0
"26.2","pup",0.279452055,"re-run",4,1.72,7.82,6.96,0.908300395256917,-17.74,19.03,0
"26.2","pup",0.279452055,"re-run",5,1.12,8.94,8.38,0.889591567852437,-17.7,19.11,0
"26.2","pup",0.279452055,"re-run",6,2.02,10.96,9.95,0.868906455862978,-17.76,18.86,0
"26.2","pup",0.279452055,"re-run",7,1.13,12.09,11.525,0.848155467720685,-17.72,18.69,0
"26.2","pup",0.279452055,"re-run",8,1,13.09,12.59,0.834123847167325,-17.71,18.51,0
"26.2","pup",0.279452055,"re-run",9,0.95,14.04,13.565,0.821277997364954,-17.67,18.55,0
"26.2","pup",0.279452055,"re-run",10,1.11,15.15,14.595,0.807707509881423,-17.68,18.54,0
"26.2","pup",0.279452055,"re-run",11,2.06,17.21,16.18,0.786824769433465,-17.73,18.42,0
"26.2","pup",0.279452055,"re-run",12,1.95,19.16,18.185,0.760408432147563,-17.69,18.31,0
"26.2","pup",0.279452055,"re-run",13,2.28,21.44,20.3,0.732542819499341,-17.78,18.21,0
"26.2","pup",0.279452055,"re-run",14,2.02,23.46,22.45,0.704216073781291,-17.82,18.12,0
"26.2","pup",0.279452055,"re-run",15,2.29,25.75,24.605,0.675823451910408,-17.82,17.96,0
"26.2","pup",0.279452055,"re-run",16,2.24,27.99,26.87,0.645981554677207,-17.85,17.65,0
"26.2","pup",0.279452055,"re-run",17,3.08,31.07,29.53,0.610935441370224,-17.87,17.34,0
"26.2","pup",0.279452055,"re-run",18,1.89,32.96,32.015,0.578194993412385,-17.89,17.28,0
"26.2","pup",0.279452055,"re-run",19,2.25,35.21,34.085,0.550922266139657,-18.03,17.04,0
"26.2","pup",0.279452055,"re-run",20,2.36,37.57,36.39,0.520553359683795,-17.99,16.51,0
"26.2","pup",0.279452055,"re-run",21,3.65,42.36,40.535,0.465942028985507,-18.18,15.77,0
"26.2","pup",0.279452055,"re-run",22,3.34,45.7,44.03,0.419894598155468,-18.22,16.03,0
"26.2","pup",0.279452055,"re-run",23,6.07,51.77,48.735,0.357905138339921,-17.81,16.99,0
"26.2","pup",0.279452055,"re-run",24,6,57.77,54.77,0.278392621870883,-17.21,17.4,0
"26.2","pup",0.279452055,"re-run",25,16.13,75.9,67.835,0.106258234519104,-17.08,17.95,0
